epoch,time,train/box_loss,train/pose_loss,train/kobj_loss,train/cls_loss,train/dfl_loss,train/rle_loss,metrics/precision(B),metrics/recall(B),metrics/mAP50(B),metrics/mAP50-95(B),metrics/precision(P),metrics/recall(P),metrics/mAP50(P),metrics/mAP50-95(P),val/box_loss,val/pose_loss,val/kobj_loss,val/cls_loss,val/dfl_loss,val/rle_loss,lr/pg0,lr/pg1,lr/pg2
1,17.5112,3.786,0.9091,1.36395,2.77941,0.09116,23.9698,0,0,0,0,0.06559,0.03226,0.03999,0.01274,nan,nan,nan,nan,nan,0,0.00325203,0.00325203,0.0707317
2,26.1486,3.07411,0.84852,1.24618,2.48466,0.0713,17.758,0,0,0,0,0,0,0,0,nan,nan,nan,nan,nan,0,0.00657233,0.00657233,0.0407187
3,34.9945,3.13657,0.77612,1.22573,2.26081,0.07483,17.0952,0.01471,0.02151,0.00451,0.00121,0.26252,0.39785,0.18305,0.07071,nan,nan,nan,nan,nan,0,0.00987942,0.00987942,0.0106924
4,43.9236,2.97968,0.80258,1.19072,2.40496,0.06841,16.9302,0.16181,0.10753,0.03199,0.0057,0.31719,0.31183,0.26764,0.13837,5.25369,3.09721,1.11729,7.96913,0.23452,0,0.0099406,0.0099406,0.0099406
5,52.7232,2.72618,0.80257,1.21398,2.3647,0.06212,16.5407,0.02645,0.16129,0.01575,0.00237,0.54026,0.58065,0.54307,0.18439,4.27056,2.99124,1.2304,5.93027,0.16073,0,0.0099208,0.0099208,0.0099208
6,62.0242,2.70007,0.70393,1.21755,2.20208,0.06112,16.0717,0.14155,0.22581,0.076,0.0132,0.46683,0.62138,0.49633,0.18396,4.24134,3.21729,0.7158,4.43786,0.15917,0,0.009901,0.009901,0.009901
7,72.6961,2.69306,0.72409,1.17112,2.23057,0.05993,16.1492,0.30561,0.23656,0.13221,0.03005,0.63719,0.54839,0.64416,0.29153,4.01173,2.9813,0.25041,4.8689,0.15181,0,0.0098812,0.0098812,0.0098812
8,81.692,2.53578,0.69164,1.14943,2.20225,0.05659,16.1656,0.16789,0.21505,0.13345,0.02962,0.4449,0.56989,0.47801,0.20573,3.62983,3.05957,1.13314,3.7334,0.11561,0,0.0098614,0.0098614,0.0098614
9,90.4936,2.57392,0.60939,1.12278,2.14679,0.05925,16.1018,0.59695,0.07527,0.22078,0.08365,0.7886,0.11828,0.35859,0.18137,3.25561,2.75478,1.67687,2.77411,0.11278,0,0.0098416,0.0098416,0.0098416
10,99.2674,2.44882,0.65449,1.13832,2.04678,0.05579,15.9064,0.26802,0.48387,0.18937,0.0385,0.48061,0.67742,0.51885,0.24087,3.52514,2.75134,0.76903,3.30232,0.1259,0,0.0098218,0.0098218,0.0098218
11,108.078,2.53437,0.70121,1.13317,2.07669,0.05613,16.0378,0.36125,0.49462,0.3022,0.07,0.59201,0.68817,0.66866,0.28915,3.453,2.70584,0.74452,2.74589,0.11915,0,0.009802,0.009802,0.009802
12,117.781,2.48884,0.62601,1.11107,2.02741,0.05715,15.9401,0.21319,0.23656,0.19075,0.05253,0.34478,0.4086,0.42704,0.23457,3.63781,2.84652,1.79851,3.30334,0.13489,0,0.0097822,0.0097822,0.0097822
13,127.409,2.51746,0.67949,1.13287,2.0201,0.05671,15.7815,0.18797,0.24731,0.11018,0.02081,0.50001,0.66667,0.56925,0.20826,4.19763,3.32861,0.5693,3.61458,0.15471,0,0.0097624,0.0097624,0.0097624
14,136.877,2.45513,0.61125,1.14594,2.04384,0.05704,15.7289,0.29439,0.21505,0.13968,0.03145,0.33761,0.31183,0.37092,0.19093,4.17696,2.88963,1.26989,2.5946,0.16112,0,0.0097426,0.0097426,0.0097426
15,146.502,2.50189,0.59551,1.09496,2.03115,0.05578,15.6314,0.38949,0.48387,0.30691,0.07488,0.51485,0.67742,0.55186,0.24625,3.3617,2.97734,0.62676,2.97874,0.11583,0,0.0097228,0.0097228,0.0097228
16,157.201,2.46912,0.6481,1.08926,1.96928,0.05581,15.8501,0.28994,0.35565,0.21931,0.04759,0.47738,0.63441,0.49094,0.22235,3.91249,3.16764,1.09924,2.78284,0.14699,0,0.009703,0.009703,0.009703
17,167.314,2.52549,0.618,1.11776,1.91048,0.05762,15.5147,0.30255,0.41981,0.29709,0.10132,0.45605,0.60215,0.51819,0.24501,3.28053,2.83688,1.22893,2.55913,0.1116,0,0.0096832,0.0096832,0.0096832
18,177.771,2.58251,0.611,1.1111,1.91553,0.05846,15.7634,0.26112,0.4086,0.2002,0.03765,0.51154,0.69817,0.55071,0.2562,3.88715,2.86344,0.86619,2.16538,0.14375,0,0.0096634,0.0096634,0.0096634
19,188.212,2.56638,0.62025,1.11516,1.80544,0.05807,15.4494,0.2869,0.31183,0.18495,0.04038,0.58485,0.64516,0.62728,0.26226,3.76088,2.90464,0.63125,2.68524,0.13507,0,0.0096436,0.0096436,0.0096436
20,198.515,2.46334,0.57608,1.09517,1.84005,0.0549,15.5261,0.09529,0.06452,0.03823,0.00856,0.30807,0.19153,0.34355,0.16134,4.12189,3.04498,2.47939,4.10493,0.15438,0,0.0096238,0.0096238,0.0096238
21,208.742,2.47066,0.58004,1.06591,1.84709,0.0562,15.3952,0.26219,0.32258,0.182,0.03683,0.40569,0.63861,0.53889,0.23931,3.98841,3.17826,1.6453,3.02862,0.15409,0,0.009604,0.009604,0.009604
22,218.896,2.54027,0.61593,1.06742,1.81999,0.05659,15.2593,0.14604,0.34409,0.12933,0.0274,0.41396,0.92473,0.71156,0.34356,4.35474,3.19546,2.34387,3.12074,0.17803,0,0.0095842,0.0095842,0.0095842
23,228.957,2.33515,0.6138,1.07252,1.93877,0.05206,15.8781,0.4294,0.63441,0.53654,0.17463,0.51359,0.75269,0.68584,0.3077,3.06856,2.9822,0.93939,2.25175,0.09964,0,0.0095644,0.0095644,0.0095644
24,237.411,2.38423,0.58285,1.07682,1.78793,0.05364,15.2403,0.14932,0.44086,0.11716,0.0246,0.38442,0.94624,0.70997,0.33363,4.56283,2.86055,1.31064,3.74696,0.18909,0,0.0095446,0.0095446,0.0095446
25,246.38,2.43115,0.58563,1.08705,1.78182,0.0555,15.4072,0.18897,0.27957,0.17341,0.03496,0.4711,0.63441,0.58635,0.25391,4.49774,3.02293,1.36288,3.14487,0.18803,0,0.0095248,0.0095248,0.0095248
26,255.651,2.47399,0.58537,1.06381,1.70536,0.05572,15.2098,0.42965,0.52688,0.45853,0.14741,0.53249,0.65591,0.61487,0.30396,3.3413,2.58553,0.70014,2.67944,0.11333,0,0.009505,0.009505,0.009505
27,264.48,2.38455,0.5539,1.08488,1.72674,0.05421,14.8364,0.35484,0.44086,0.29182,0.06555,0.55785,0.70547,0.58555,0.21914,3.6842,3.44895,1.32018,3.23971,0.12744,0,0.0094852,0.0094852,0.0094852
28,273.462,2.39061,0.54211,1.06834,1.74019,0.05404,14.9913,0.56307,0.66515,0.58028,0.21854,0.69051,0.81569,0.77316,0.37883,2.66021,2.89342,0.99321,1.78998,0.07936,0,0.0094654,0.0094654,0.0094654
29,282.524,2.36239,0.58186,1.04907,1.67919,0.05265,15.1792,0.4389,0.52688,0.37593,0.10014,0.55832,0.75269,0.63248,0.32159,3.45559,2.7944,0.594,2.19931,0.12434,0,0.0094456,0.0094456,0.0094456
30,291.653,2.30812,0.62841,1.04633,1.58644,0.05266,15.1344,0.40458,0.51613,0.39603,0.13807,0.5404,0.78495,0.68524,0.358,3.418,2.83875,0.91761,2.2422,0.12684,0,0.0094258,0.0094258,0.0094258
31,300.753,2.40475,0.54575,1.03552,1.56281,0.05375,14.9636,0.45401,0.51613,0.46992,0.19651,0.45959,0.69892,0.59392,0.31292,3.09137,2.73939,0.61705,1.71115,0.09992,0,0.009406,0.009406,0.009406
32,309.828,2.30624,0.55091,1.0861,1.5704,0.05179,14.7094,0.56224,0.54839,0.51136,0.15413,0.5931,0.69892,0.68892,0.32441,3.42393,2.89452,0.97214,2.05666,0.11795,0,0.0093862,0.0093862,0.0093862
33,318.782,2.45356,0.56311,1.05247,1.6125,0.05583,15.2636,0.35475,0.45161,0.32598,0.08057,0.56319,0.63775,0.62107,0.26867,3.92124,2.88638,1.16394,2.36862,0.14013,0,0.0093664,0.0093664,0.0093664
34,327.669,2.31291,0.51993,1.03447,1.71835,0.05244,14.9171,0.46707,0.54839,0.43254,0.12521,0.52712,0.73114,0.65144,0.3083,3.54401,3.11201,2.44684,3.59464,0.12301,0,0.0093466,0.0093466,0.0093466
35,336.44,2.2501,0.51921,1.0762,1.60838,0.04961,14.6454,0.33668,0.25109,0.19719,0.04588,0.39166,0.53763,0.43563,0.234,4.2795,2.95438,2.09701,2.73676,0.167,0,0.0093268,0.0093268,0.0093268
36,345.04,2.35735,0.56883,1.09421,1.60293,0.05313,14.7804,0.54985,0.72043,0.54635,0.18274,0.63586,0.80645,0.75698,0.3614,3.1959,2.96518,1.20571,2.08305,0.10629,0,0.009307,0.009307,0.009307
37,353.401,2.35517,0.54327,1.07058,1.60968,0.05411,14.8867,0.44845,0.52688,0.44371,0.11838,0.54019,0.66954,0.66575,0.26213,3.41373,3.29411,1.47147,2.56286,0.11497,0,0.0092872,0.0092872,0.0092872
38,361.716,2.32845,0.50336,1.07463,1.44208,0.05152,14.0696,0.53247,0.52688,0.49994,0.18893,0.66565,0.72786,0.74844,0.40405,3.21888,2.76792,0.71713,1.7356,0.10767,0,0.0092674,0.0092674,0.0092674
39,370.164,2.40287,0.50726,1.04464,1.55225,0.05548,14.5169,0.21514,0.4086,0.19159,0.04247,0.44029,0.77419,0.55724,0.23762,4.26243,3.43605,2.1744,2.75984,0.17237,0,0.0092476,0.0092476,0.0092476
40,378.442,2.32825,0.58152,1.04322,1.58888,0.05278,14.9088,0.25064,0.43011,0.20095,0.04081,0.46176,0.62366,0.55883,0.25457,4.10775,3.27628,1.30746,2.90855,0.15468,0,0.0092278,0.0092278,0.0092278
41,386.714,2.42301,0.55097,1.05047,1.65092,0.05472,14.5879,0.43612,0.35484,0.34697,0.09916,0.41551,0.60215,0.53758,0.29468,3.34511,2.78559,1.10835,3.6661,0.11905,0,0.009208,0.009208,0.009208
42,394.901,2.4117,0.54072,1.05394,1.66263,0.05482,14.5596,0.54078,0.5698,0.56936,0.21613,0.61851,0.65591,0.72265,0.42459,3.09809,2.28495,0.40488,1.80948,0.1004,0,0.0091882,0.0091882,0.0091882
43,403.232,2.27096,0.49012,1.07893,1.67664,0.05112,14.4149,0.42038,0.39785,0.3059,0.0787,0.60698,0.54801,0.60259,0.29978,3.63254,3.00504,1.57664,3.08341,0.12715,0,0.0091684,0.0091684,0.0091684
44,411.565,2.28121,0.50682,1.05244,1.69781,0.05217,14.5623,0.47231,0.54839,0.4367,0.1199,0.57122,0.64516,0.63575,0.31385,3.53039,2.89667,0.72534,2.3409,0.11711,0,0.0091486,0.0091486,0.0091486
45,419.865,2.39115,0.56451,1.0568,1.78429,0.05358,14.4288,0.40542,0.26399,0.25713,0.05925,0.42324,0.52688,0.53288,0.27901,4.08819,2.82176,2.77625,3.56228,0.15673,0,0.0091288,0.0091288,0.0091288
46,428.878,2.27485,0.52362,1.08397,1.77992,0.05049,14.114,0.50649,0.50538,0.53194,0.17113,0.64469,0.58533,0.70397,0.49858,3.07749,1.93719,0.84288,2.58673,0.09756,0,0.009109,0.009109,0.009109
47,437.231,2.22907,0.54046,1.08824,1.72998,0.04955,14.215,0.4203,0.41935,0.37366,0.104,0.53722,0.62411,0.59896,0.37606,3.5471,2.24188,0.58565,2.08735,0.12756,0,0.0090892,0.0090892,0.0090892
48,445.644,2.23893,0.44058,1.07175,1.71889,0.05008,13.6325,0.19669,0.25806,0.12267,0.03079,0.42652,0.63441,0.46236,0.24935,4.62641,3.03082,1.40861,2.48165,0.19815,0,0.0090694,0.0090694,0.0090694
49,453.911,2.34888,0.44966,1.11304,1.74311,0.05376,13.3559,0.426,0.47312,0.38833,0.10948,0.61816,0.69892,0.72088,0.42445,3.73848,2.36696,0.79713,2.07667,0.13074,0,0.0090496,0.0090496,0.0090496
50,462.146,2.33098,0.43291,1.07498,1.72755,0.05168,13.1706,0.20641,0.32258,0.18904,0.04381,0.40683,0.6129,0.46938,0.26749,4.17379,2.71532,1.35445,3.2765,0.15934,0,0.0090298,0.0090298,0.0090298
51,470.352,2.24148,0.39996,1.04831,1.68849,0.05166,13.2914,0.47245,0.5914,0.50667,0.11179,0.6866,0.84946,0.83464,0.61327,3.54719,1.78482,0.58995,2.55923,0.11859,0,0.00901,0.00901,0.00901
52,478.616,2.25614,0.42118,1.06296,1.72798,0.05119,13.1093,0.17193,0.35484,0.12408,0.01991,0.42106,0.78204,0.53045,0.27102,4.38927,2.80196,1.46392,4.95017,0.17337,0,0.0089902,0.0089902,0.0089902
53,486.872,2.30575,0.46399,1.06393,1.65428,0.0505,13.2702,0.55728,0.4086,0.46268,0.14969,0.56781,0.60749,0.62104,0.44465,3.07032,2.10019,1.07214,2.8753,0.0977,0,0.0089704,0.0089704,0.0089704
54,495.064,2.38071,0.43084,1.02324,1.64269,0.05276,13.1394,0.16141,0.31183,0.12757,0.0251,0.35389,0.58065,0.36792,0.18752,4.14214,3.15623,1.46624,4.19184,0.15651,0,0.0089506,0.0089506,0.0089506
55,503.361,2.42141,0.41315,1.03884,1.59997,0.05545,12.937,0.25758,0.4086,0.25162,0.06775,0.46771,0.74194,0.54339,0.35889,3.84936,2.34316,0.81809,3.39277,0.14394,0,0.0089308,0.0089308,0.0089308
56,511.668,2.31946,0.41307,1.03969,1.62244,0.05275,12.8767,0.30229,0.3871,0.25259,0.05974,0.61829,0.78495,0.69233,0.35303,4.0084,2.42261,0.81864,3.57711,0.15398,0,0.008911,0.008911,0.008911
57,519.936,2.2138,0.37124,1.02934,1.61201,0.05068,12.3536,0.28531,0.32258,0.20619,0.03214,0.6562,0.74194,0.68594,0.29795,4.15002,3.0198,1.64621,4.14463,0.15603,0,0.0088912,0.0088912,0.0088912
58,528.301,2.2862,0.36649,1.03515,1.57316,0.05073,11.9997,0.18922,0.32258,0.19064,0.03044,0.34667,0.75269,0.57549,0.25894,4.40424,2.96949,0.90528,4.21837,0.17648,0,0.0088714,0.0088714,0.0088714
59,535.951,2.39443,0.34964,1.00471,1.59467,0.05439,12.0426,0.32406,0.31183,0.25534,0.06872,0.48733,0.58065,0.62459,0.33185,4.12057,2.54667,1.43529,3.4188,0.15547,0,0.0088516,0.0088516,0.0088516
60,543.569,2.39991,0.35294,0.97182,1.69202,0.05518,12.6716,0.56596,0.63441,0.55199,0.1802,0.61165,0.7621,0.71283,0.47418,3.07942,2.25917,1.27397,2.18607,0.09862,0,0.0088318,0.0088318,0.0088318
61,551.15,2.19478,0.37278,1.01806,1.55888,0.04875,12.3183,0.30067,0.24967,0.24133,0.07046,0.69349,0.62366,0.74784,0.41646,3.55131,2.31145,1.34241,3.46754,0.12463,0,0.008812,0.008812,0.008812
62,559.225,2.21859,0.31082,1.00721,1.51112,0.04915,11.567,0.5611,0.73118,0.6168,0.22466,0.71865,0.71414,0.8014,0.61887,3.04899,1.58091,1.07927,2.06359,0.10082,0,0.0087922,0.0087922,0.0087922
63,567.533,2.21548,0.33872,0.97967,1.49556,0.04836,11.4258,0.33309,0.43011,0.23673,0.0454,0.57963,0.74194,0.64646,0.30099,4.24244,2.91454,1.10595,3.8613,0.16384,0,0.0087724,0.0087724,0.0087724
64,575.744,2.26426,0.40443,1.02783,1.57252,0.05104,12.5299,0.57071,0.60215,0.61142,0.23885,0.64295,0.68817,0.7356,0.44697,2.98883,2.05977,0.91972,1.72609,0.09392,0,0.0087526,0.0087526,0.0087526
65,583.955,2.21961,0.36416,0.94628,1.54717,0.04977,11.7202,0.56279,0.5914,0.56018,0.18594,0.58267,0.68817,0.70937,0.56322,3.29295,1.5504,0.8461,1.79459,0.11002,0,0.0087328,0.0087328,0.0087328
66,592.291,2.29111,0.31976,0.97692,1.46956,0.05128,11.4316,0.49108,0.6129,0.55801,0.2451,0.54224,0.78495,0.66038,0.54662,2.9758,1.35904,0.69199,1.51263,0.09777,0,0.008713,0.008713,0.008713
67,600.526,2.24604,0.35616,0.96631,1.46026,0.05023,11.6392,0.32277,0.37634,0.26773,0.07672,0.45131,0.64516,0.49877,0.28022,3.77942,2.41775,1.7224,2.71896,0.13816,0,0.0086932,0.0086932,0.0086932
68,608.767,2.24635,0.34085,0.99084,1.41878,0.04955,11.2929,0.42975,0.35484,0.36107,0.12166,0.59633,0.54839,0.63922,0.42665,3.49966,2.53537,0.49538,2.0392,0.12781,0,0.0086734,0.0086734,0.0086734
69,617.018,2.26193,0.33008,0.95588,1.48619,0.05036,11.5777,0.17975,0.34409,0.14696,0.03284,0.40207,0.67742,0.48684,0.22692,4.07267,2.95905,1.31969,3.17544,0.157,0,0.0086536,0.0086536,0.0086536
70,625.465,2.33064,0.33631,0.98214,1.58724,0.05295,12.1837,0.2181,0.36559,0.12623,0.02366,0.53762,0.74194,0.62913,0.26646,4.31708,2.75294,2.3367,4.63186,0.16921,0,0.0086338,0.0086338,0.0086338
71,634.12,2.20678,0.2965,0.91246,1.54479,0.04945,11.6538,0.2638,0.43011,0.22007,0.03855,0.5598,0.82796,0.67371,0.31422,4.24271,2.86341,2.05617,2.85408,0.1653,0,0.008614,0.008614,0.008614
72,641.716,2.21912,0.3077,0.98975,1.5248,0.04791,11.128,0.64843,0.57515,0.60928,0.21728,0.68705,0.62366,0.71889,0.5263,3.14493,1.50736,1.01368,2.16617,0.10406,0,0.0085942,0.0085942,0.0085942
73,649.345,2.19992,0.28951,0.91682,1.49159,0.04926,11.0187,0.63473,0.63441,0.65631,0.27413,0.63407,0.72043,0.71316,0.5807,3.04324,1.82562,1.28217,1.7133,0.0984,0,0.0085744,0.0085744,0.0085744
74,657.284,2.18503,0.24014,0.87257,1.51281,0.04947,10.5845,0.45893,0.69892,0.50573,0.2075,0.5104,0.79589,0.59793,0.52057,2.83778,0.9114,0.76886,1.53707,0.08831,0,0.0085546,0.0085546,0.0085546
75,665.143,2.20729,0.26955,0.89383,1.46199,0.04859,10.8604,0.59074,0.68817,0.575,0.22994,0.57017,0.72043,0.66106,0.54806,2.97005,1.31794,0.57359,1.4675,0.09465,0,0.0085348,0.0085348,0.0085348
76,673.499,2.21427,0.31287,0.90862,1.5081,0.04974,11.2835,0.32147,0.18341,0.18792,0.04274,0.30735,0.61551,0.42489,0.23799,4.25679,3.03101,2.65244,3.30572,0.16751,0,0.008515,0.008515,0.008515
77,681.248,2.30422,0.28006,0.92164,1.51359,0.0516,11.1069,0.42288,0.4086,0.31517,0.07371,0.64347,0.64045,0.68597,0.35687,4.25571,2.68155,2.10282,2.55667,0.15949,0,0.0084952,0.0084952,0.0084952
78,690.342,2.18289,0.26946,0.89276,1.46691,0.04844,10.7911,0.50977,0.53671,0.46488,0.19056,0.5634,0.70768,0.63162,0.34776,3.1494,2.68334,1.53986,2.31497,0.10469,0,0.0084754,0.0084754,0.0084754
79,698.709,2.14309,0.31782,0.92015,1.45051,0.04786,10.8774,0.48414,0.63441,0.52818,0.15991,0.5442,0.70968,0.61964,0.41607,3.16155,1.84776,1.08886,1.98275,0.10392,0,0.0084556,0.0084556,0.0084556
80,707.018,2.18562,0.23294,0.82974,1.4546,0.04797,10.6043,0.58312,0.55914,0.56387,0.21533,0.62114,0.72281,0.71297,0.61549,2.97662,1.01205,0.50279,1.85492,0.10024,0,0.0084358,0.0084358,0.0084358
81,715.43,2.22928,0.24786,0.86085,1.51472,0.0497,10.2933,0.47559,0.6129,0.46912,0.1373,0.65222,0.84696,0.81971,0.69764,3.66072,0.98843,0.63211,1.88235,0.13437,0,0.008416,0.008416,0.008416
82,724.068,2.25604,0.31549,0.95611,1.42153,0.04994,11.0324,0.36895,0.55914,0.45782,0.13304,0.45588,0.83871,0.65453,0.42923,3.5816,2.46854,1.43424,1.70185,0.13313,0,0.0083962,0.0083962,0.0083962
83,732.356,2.20002,0.28551,0.90155,1.437,0.04948,10.9256,0.37199,0.59234,0.4696,0.13571,0.46076,0.75269,0.63934,0.44295,3.63532,1.57727,0.51988,2.28345,0.13192,0,0.0083764,0.0083764,0.0083764
84,740.792,2.0849,0.28752,0.85437,1.39931,0.04661,10.4891,0.39025,0.50239,0.34608,0.07686,0.55607,0.75269,0.70054,0.45132,3.80493,1.59732,0.88395,2.2802,0.14393,0,0.0083566,0.0083566,0.0083566
85,749.21,2.25612,0.31655,0.86876,1.47939,0.05025,11.2795,0.38527,0.5914,0.4163,0.13114,0.49166,0.77419,0.59586,0.32357,3.506,2.55584,2.38067,1.87583,0.12631,0,0.0083368,0.0083368,0.0083368
86,757.744,2.16027,0.26236,0.86118,1.44383,0.0478,10.4792,0.58077,0.5914,0.6179,0.20015,0.64382,0.73861,0.73745,0.60487,3.48809,1.14356,1.05055,1.9747,0.11809,0,0.008317,0.008317,0.008317
87,766.136,2.16344,0.27241,0.86223,1.40295,0.04857,10.4327,0.66238,0.65591,0.71773,0.2534,0.67131,0.75269,0.83471,0.73299,3.26133,1.22322,0.53689,1.38928,0.10679,0,0.0082972,0.0082972,0.0082972
88,774.59,2.27017,0.29132,0.87403,1.32819,0.05002,10.7673,0.70965,0.70958,0.69732,0.26335,0.79106,0.7957,0.83347,0.72066,3.00798,1.42424,0.79695,1.32223,0.09511,0,0.0082774,0.0082774,0.0082774
89,783.048,2.17985,0.25492,0.83524,1.47834,0.04842,10.7443,0.51649,0.55914,0.47703,0.16569,0.61269,0.68042,0.75192,0.4579,3.27665,2.25597,1.54691,2.00757,0.10953,0,0.0082576,0.0082576,0.0082576
90,791.391,2.186,0.24089,0.89751,1.42087,0.04821,10.0777,0.49677,0.54839,0.52992,0.13284,0.53674,0.66667,0.67601,0.37802,3.47185,2.30449,1.18397,2.47021,0.11808,0,0.0082378,0.0082378,0.0082378
91,799.814,2.15053,0.25755,0.88545,1.38784,0.0472,10.0986,0.55059,0.68817,0.58908,0.18878,0.62685,0.83871,0.73373,0.65605,3.46417,1.57424,0.78864,1.27134,0.11473,0,0.008218,0.008218,0.008218
92,808.191,2.16673,0.22786,0.83738,1.36366,0.04738,9.98132,0.57326,0.63556,0.54573,0.1774,0.66808,0.82796,0.72979,0.56292,3.62194,2.35191,1.47106,1.62623,0.13029,0,0.0081982,0.0081982,0.0081982
93,816.599,2.09498,0.27279,0.84401,1.44668,0.04722,10.5479,0.51987,0.55914,0.5314,0.21311,0.6012,0.76188,0.72291,0.58428,3.07276,1.90958,0.98513,1.34511,0.1012,0,0.0081784,0.0081784,0.0081784
94,824.972,2.15171,0.29716,0.84736,1.50645,0.04708,10.4703,0.32767,0.3871,0.27523,0.05183,0.60983,0.72043,0.63742,0.3529,4.38854,2.8458,1.86899,1.70882,0.17984,0,0.0081586,0.0081586,0.0081586
95,833.366,2.109,0.24339,0.87534,1.49589,0.04627,10.4652,0.52154,0.55914,0.54774,0.18601,0.64934,0.63441,0.67725,0.45006,3.16838,1.64922,0.87149,1.96974,0.10316,0,0.0081388,0.0081388,0.0081388
96,841.295,2.09994,0.26357,0.84733,1.44843,0.04665,10.2688,0.46944,0.6129,0.46005,0.136,0.62667,0.78495,0.70705,0.38577,3.39273,2.07404,1.39513,1.74881,0.12037,0,0.008119,0.008119,0.008119
97,848.963,2.12838,0.25636,0.84622,1.4044,0.04706,10.1425,0.58887,0.72043,0.65835,0.25723,0.66918,0.8172,0.80857,0.64863,3.15353,0.94097,0.83546,1.48683,0.10746,0,0.0080992,0.0080992,0.0080992
98,856.614,2.11426,0.24471,0.84642,1.29323,0.04609,9.71155,0.4864,0.47312,0.43195,0.12245,0.64768,0.79072,0.73979,0.39863,3.75321,2.16578,0.94643,1.58743,0.14254,0,0.0080794,0.0080794,0.0080794
99,864.193,2.09087,0.22119,0.87065,1.28271,0.04653,9.73577,0.5016,0.66667,0.53202,0.19409,0.56533,0.75269,0.704,0.54651,3.33442,1.31441,0.67471,1.64265,0.11169,0,0.0080596,0.0080596,0.0080596
100,872.869,2.17107,0.23448,0.77372,1.32641,0.04807,10.1458,0.65562,0.73696,0.70312,0.26232,0.64485,0.80645,0.77535,0.69013,3.1416,0.90834,0.67394,1.52237,0.10284,0,0.0080398,0.0080398,0.0080398
101,881.23,2.19773,0.26156,0.81718,1.40326,0.04932,10.2364,0.71734,0.66667,0.70368,0.31079,0.75951,0.78495,0.79714,0.77582,2.6673,1.22908,0.87995,1.28989,0.08485,0,0.00802,0.00802,0.00802
102,890.176,2.17315,0.19718,0.79377,1.36348,0.04724,9.78373,0.64948,0.67741,0.66752,0.24677,0.70724,0.80528,0.77667,0.65983,3.13814,1.08701,1.08954,1.25505,0.10712,0,0.0080002,0.0080002,0.0080002
103,899.034,2.14478,0.24591,0.77796,1.38762,0.04744,10.0687,0.64725,0.76344,0.73715,0.34514,0.69124,0.76344,0.77997,0.70916,2.651,0.65343,0.79889,1.31841,0.08795,0,0.0079804,0.0079804,0.0079804
104,907.819,2.18229,0.25659,0.82112,1.3523,0.0479,10.195,0.53473,0.67971,0.58211,0.25179,0.57524,0.73118,0.69251,0.54269,2.84242,1.62123,0.71912,1.48414,0.09175,0,0.0079606,0.0079606,0.0079606
105,916.497,2.14259,0.20799,0.83547,1.35833,0.04768,9.76685,0.57045,0.73118,0.59822,0.26469,0.60412,0.78495,0.68494,0.62032,2.75244,1.06279,0.48829,2.06868,0.08488,0,0.0079408,0.0079408,0.0079408
106,925.206,2.06932,0.24584,0.77354,1.36326,0.04479,9.71703,0.57343,0.73721,0.64443,0.30067,0.58506,0.78839,0.69816,0.63123,2.58437,1.24428,1.26932,1.66787,0.07913,0,0.007921,0.007921,0.007921
107,933.444,2.07354,0.22198,0.76364,1.34403,0.04539,9.60675,0.59121,0.62205,0.63767,0.28775,0.61717,0.69892,0.72689,0.66727,2.98483,1.36496,1.15504,1.51602,0.09742,0,0.0079012,0.0079012,0.0079012
108,941.751,2.16121,0.24369,0.74386,1.3416,0.04663,9.54334,0.56111,0.67742,0.52607,0.21955,0.65413,0.79314,0.7309,0.56888,3.15947,1.59087,1.49988,1.52765,0.11053,0,0.0078814,0.0078814,0.0078814
109,950.115,2.07465,0.19994,0.75979,1.27922,0.04521,9.60587,0.50296,0.5767,0.4582,0.12726,0.63544,0.82468,0.77344,0.49103,3.66743,1.63702,1.31557,1.61437,0.13485,0,0.0078616,0.0078616,0.0078616
110,958.452,2.04487,0.21327,0.77532,1.31938,0.04495,9.5844,0.69128,0.66667,0.72797,0.3227,0.72473,0.69892,0.76948,0.74329,2.91022,0.78571,0.62336,1.43831,0.09435,0,0.0078418,0.0078418,0.0078418
111,966.751,2.04468,0.22941,0.76672,1.31976,0.04356,9.3583,0.58641,0.77419,0.69757,0.32102,0.62722,0.83225,0.74118,0.70828,2.60939,0.91271,0.61963,1.39744,0.08017,0,0.007822,0.007822,0.007822
112,975.081,2.10034,0.21312,0.7711,1.28364,0.04599,9.50617,0.63266,0.8172,0.71653,0.2513,0.66596,0.86022,0.80821,0.77206,3.22737,1.05292,0.64688,1.595,0.10756,0,0.0078022,0.0078022,0.0078022
113,983.489,2.0611,0.20705,0.76192,1.28096,0.04579,9.38189,0.62151,0.72043,0.65562,0.25813,0.63534,0.8172,0.75402,0.64034,3.24722,1.69218,0.6086,1.72541,0.1062,0,0.0077824,0.0077824,0.0077824
114,991.859,2.1114,0.17142,0.70816,1.31726,0.0464,9.01434,0.66194,0.7957,0.71469,0.26724,0.70666,0.84946,0.81177,0.75993,3.1627,0.6692,0.52442,1.50209,0.10046,0,0.0077626,0.0077626,0.0077626
115,1000.23,2.05377,0.23806,0.71063,1.29834,0.04534,9.83725,0.42988,0.5914,0.43578,0.10611,0.55017,0.76344,0.63503,0.40205,3.74349,1.78017,0.67365,1.80695,0.13944,0,0.0077428,0.0077428,0.0077428
116,1008.72,2.14267,0.22239,0.82682,1.27327,0.04709,9.34513,0.64207,0.82796,0.8149,0.37787,0.64557,0.8422,0.82126,0.7537,2.65479,0.58282,0.55336,1.13967,0.08058,0,0.007723,0.007723,0.007723
117,1017.35,2.01673,0.23002,0.74235,1.25931,0.04437,9.19047,0.65419,0.75263,0.71613,0.33573,0.65827,0.89247,0.80644,0.7215,2.63108,0.61986,0.66916,1.19461,0.08156,0,0.0077032,0.0077032,0.0077032
118,1025.59,2.04556,0.18796,0.78662,1.30523,0.04504,9.24222,0.57259,0.66265,0.59407,0.22328,0.59472,0.69892,0.66373,0.51459,3.20526,1.58523,0.8103,1.87332,0.10411,0,0.0076834,0.0076834,0.0076834
119,1033.42,2.03023,0.20354,0.73498,1.25353,0.04463,9.2863,0.58605,0.69892,0.66641,0.26086,0.59914,0.74194,0.71508,0.68415,2.78302,0.97616,1.02641,1.54499,0.08528,0,0.0076636,0.0076636,0.0076636
120,1041.27,2.02572,0.20174,0.74591,1.27303,0.04538,9.27327,0.58288,0.75269,0.66732,0.28471,0.64117,0.82796,0.78599,0.73272,2.8633,1.12391,1.13411,1.73902,0.08857,0,0.0076438,0.0076438,0.0076438
121,1049.7,2.10575,0.22884,0.77759,1.27267,0.04677,9.95298,0.62061,0.74194,0.69619,0.26419,0.68218,0.8172,0.7901,0.74634,3.04513,1.20519,1.23105,1.55344,0.09631,0,0.007624,0.007624,0.007624
122,1058.82,2.10884,0.21639,0.7733,1.2929,0.04708,9.62625,0.65351,0.73118,0.71766,0.33191,0.64358,0.87373,0.78222,0.74204,2.68309,0.96543,1.17133,1.41421,0.08296,0,0.0076042,0.0076042,0.0076042
123,1067.33,2.08099,0.19925,0.72317,1.28988,0.04602,9.30089,0.66715,0.78495,0.75945,0.31554,0.68329,0.80645,0.77331,0.7486,2.78372,0.98256,0.91052,1.31569,0.08485,0,0.0075844,0.0075844,0.0075844
124,1075.91,1.95392,0.19819,0.79257,1.28012,0.04274,9.54825,0.68594,0.75269,0.75902,0.29139,0.69605,0.82796,0.83189,0.80148,2.80561,0.68274,0.61034,1.23341,0.08835,0,0.0075646,0.0075646,0.0075646
125,1084.32,1.97787,0.21394,0.78397,1.17895,0.04404,9.38199,0.56508,0.68817,0.66113,0.31044,0.54774,0.84946,0.71725,0.69465,2.54912,0.71801,0.69974,1.38739,0.07803,0,0.0075448,0.0075448,0.0075448
126,1092.84,1.99716,0.20711,0.70792,1.18295,0.0436,9.31295,0.46511,0.69191,0.56365,0.20174,0.61429,0.80645,0.73131,0.71464,3.30549,1.04505,0.96049,1.61562,0.11205,0,0.007525,0.007525,0.007525
127,1101.23,2.03197,0.16873,0.71177,1.23672,0.04446,8.69338,0.31757,0.56989,0.37149,0.13145,0.39389,0.72043,0.54161,0.47466,3.27943,1.45389,0.85861,1.73306,0.11646,0,0.0075052,0.0075052,0.0075052
128,1109.62,2.0374,0.20573,0.66768,1.22599,0.04414,8.9616,0.61308,0.66449,0.63534,0.318,0.74341,0.68539,0.78173,0.72775,2.68575,0.99028,0.60632,1.32602,0.08187,0,0.0074854,0.0074854,0.0074854
129,1117.96,2.13077,0.16649,0.75278,1.22673,0.0475,8.93391,0.70052,0.68817,0.67677,0.29092,0.75525,0.74194,0.79553,0.77034,3.02538,0.9735,0.6141,1.26701,0.10102,0,0.0074656,0.0074656,0.0074656
130,1126.47,2.08414,0.18516,0.73407,1.24318,0.04632,8.74932,0.63223,0.66667,0.64454,0.25429,0.66365,0.74194,0.75339,0.70386,3.16606,1.08191,0.83894,1.71468,0.10423,0,0.0074458,0.0074458,0.0074458
131,1135,2.15436,0.16825,0.71503,1.25004,0.04675,8.66997,0.6782,0.65721,0.70653,0.34408,0.71512,0.70182,0.77571,0.72811,2.61748,1.33019,0.9917,1.3808,0.08265,0,0.007426,0.007426,0.007426
132,1143.38,2.00285,0.18804,0.74721,1.22149,0.04377,8.83582,0.63378,0.77419,0.72686,0.33345,0.66679,0.8172,0.80185,0.77017,2.50316,0.81864,0.71164,1.43251,0.07936,0,0.0074062,0.0074062,0.0074062
133,1151.8,2.00758,0.19002,0.69143,1.23039,0.04453,9.03291,0.66397,0.51613,0.57236,0.25067,0.64415,0.69892,0.72307,0.65694,3.05373,1.34542,0.75526,1.75744,0.10349,0,0.0073864,0.0073864,0.0073864
134,1160.25,1.97635,0.20451,0.67357,1.20446,0.04277,9.0284,0.64326,0.63441,0.63997,0.29325,0.71958,0.70968,0.77224,0.69448,2.8213,1.1785,0.88056,1.23972,0.09258,0,0.0073666,0.0073666,0.0073666
135,1168.53,1.96557,0.17507,0.68237,1.17693,0.04264,8.74483,0.7459,0.69445,0.77385,0.39894,0.7459,0.69445,0.77838,0.7342,2.43559,0.56413,0.5783,1.03942,0.07142,0,0.0073468,0.0073468,0.0073468
136,1176.92,1.98872,0.16411,0.68504,1.1817,0.04406,8.54981,0.69252,0.69892,0.70641,0.31979,0.7346,0.74194,0.76698,0.73957,2.711,1.28655,0.65709,1.18256,0.08294,0,0.007327,0.007327,0.007327
137,1185.37,1.97679,0.16321,0.70203,1.13847,0.0418,8.49762,0.66234,0.58065,0.62393,0.27575,0.69722,0.6129,0.7036,0.60057,3.03261,1.95499,1.18699,1.75502,0.09932,0,0.0073072,0.0073072,0.0073072
138,1194.02,2.08685,0.18758,0.69205,1.16888,0.04665,9.06793,0.57294,0.77419,0.67171,0.28701,0.6716,0.85762,0.79918,0.78362,2.95066,0.82178,0.70241,1.51973,0.09141,0,0.0072874,0.0072874,0.0072874
139,1202.51,2.00082,0.20934,0.72663,1.13281,0.04454,9.35771,0.65429,0.8172,0.79203,0.38931,0.67257,0.82796,0.82779,0.80456,2.49655,0.75312,0.6616,1.18698,0.07475,0,0.0072676,0.0072676,0.0072676
140,1210.92,1.92417,0.17882,0.758,1.14635,0.04199,8.48333,0.39854,0.63414,0.4105,0.14254,0.48406,0.76672,0.57966,0.3262,3.33163,2.21085,1.15502,1.7333,0.11579,0,0.0072478,0.0072478,0.0072478
141,1219.36,1.95724,0.18717,0.71504,1.16493,0.04231,8.85382,0.83108,0.79356,0.82885,0.38352,0.81069,0.83871,0.88108,0.85944,2.62849,0.43704,0.39831,0.99949,0.07917,0,0.007228,0.007228,0.007228
142,1227.82,2.02151,0.17461,0.72348,1.19748,0.04449,8.93225,0.50692,0.51613,0.45566,0.16511,0.58769,0.65591,0.65432,0.43654,3.42836,2.56866,1.2355,1.53467,0.12058,0,0.0072082,0.0072082,0.0072082
143,1236.35,1.96675,0.1591,0.69015,1.16333,0.04299,8.62555,0.68124,0.66644,0.73868,0.35007,0.70355,0.79112,0.80822,0.77439,2.75804,0.51445,0.52476,1.32527,0.08417,0,0.0071884,0.0071884,0.0071884
144,1244.83,1.96013,0.20297,0.71911,1.15108,0.0422,8.63367,0.60594,0.61178,0.62998,0.24973,0.6477,0.75269,0.74059,0.67431,3.15692,0.96703,0.46928,1.72415,0.10596,0,0.0071686,0.0071686,0.0071686
145,1253.32,1.97628,0.14366,0.6793,1.13216,0.043,8.19346,0.61705,0.63441,0.61167,0.26284,0.686,0.77419,0.75653,0.68627,2.94272,1.38049,0.67542,1.71195,0.09705,0,0.0071488,0.0071488,0.0071488
146,1261.72,2.02666,0.16924,0.6793,1.17444,0.04397,8.63271,0.56006,0.5914,0.55953,0.23805,0.63848,0.65591,0.72064,0.61786,3.01368,1.31537,0.53019,1.7692,0.09923,0,0.007129,0.007129,0.007129
147,1270.22,2.04645,0.19959,0.66892,1.16254,0.04529,9.11392,0.7269,0.69892,0.78762,0.34173,0.78398,0.66342,0.82626,0.78719,2.74454,0.69446,0.54185,1.06319,0.08459,0,0.0071092,0.0071092,0.0071092
148,1278.74,1.96127,0.16091,0.67774,1.207,0.04321,8.76894,0.71736,0.76416,0.8197,0.35128,0.73835,0.78495,0.85803,0.84293,2.64994,0.28914,0.49272,1.03084,0.08122,0,0.0070894,0.0070894,0.0070894
149,1287.21,1.90587,0.16615,0.647,1.13725,0.04128,8.58254,0.64533,0.70436,0.71959,0.31083,0.70339,0.82796,0.82394,0.80264,2.96341,1.3917,0.57424,1.19581,0.0942,0,0.0070696,0.0070696,0.0070696
150,1295.71,1.93488,0.19979,0.69465,1.15537,0.04256,9.04715,0.62412,0.65591,0.6402,0.24799,0.66541,0.82796,0.83126,0.74303,3.189,1.69302,0.8621,1.35168,0.10657,0,0.0070498,0.0070498,0.0070498
151,1304.17,1.9768,0.18038,0.70802,1.14218,0.04402,8.77048,0.4921,0.66667,0.5187,0.20921,0.60031,0.79136,0.68718,0.50166,3.24378,1.80792,0.98226,1.42235,0.10736,0,0.00703,0.00703,0.00703
152,1312.68,2.03366,0.188,0.69982,1.17802,0.04567,8.80613,0.82669,0.72043,0.83169,0.42438,0.73764,0.86022,0.90548,0.8481,2.575,0.72375,0.55913,0.97419,0.08003,0,0.0070102,0.0070102,0.0070102
153,1321.12,1.97455,0.18069,0.64704,1.1334,0.04452,8.88862,0.61698,0.62366,0.58141,0.22147,0.74213,0.75269,0.79298,0.74986,3.42743,0.76303,0.65252,1.43062,0.11645,0,0.0069904,0.0069904,0.0069904
154,1329.67,2.00977,0.17501,0.62779,1.15096,0.04395,8.77676,0.49292,0.43011,0.38699,0.18295,0.56196,0.49462,0.505,0.42619,3.23294,1.31611,0.80185,1.84593,0.10809,0,0.0069706,0.0069706,0.0069706
155,1338.21,1.97204,0.1632,0.6378,1.20127,0.04241,8.49816,0.7806,0.77419,0.79302,0.37461,0.77195,0.80645,0.83043,0.81479,2.67233,0.56145,0.43545,1.23178,0.08266,0,0.0069508,0.0069508,0.0069508
156,1347.29,1.94935,0.16978,0.60551,1.15343,0.04234,8.45472,0.52875,0.72043,0.6267,0.28057,0.56032,0.76344,0.69585,0.64815,2.90552,0.89102,0.48703,1.42936,0.0927,0,0.006931,0.006931,0.006931
157,1355.89,1.96464,0.15944,0.6321,1.17423,0.0419,8.00539,0.60166,0.65591,0.65005,0.30172,0.64266,0.83871,0.77609,0.73575,2.71799,1.21266,1.30882,2.19464,0.08776,0,0.0069112,0.0069112,0.0069112
158,1363.57,1.96469,0.17825,0.6735,1.16278,0.04358,8.70971,0.49685,0.64516,0.5218,0.1722,0.66166,0.87097,0.78395,0.69417,3.76852,1.48674,1.13021,1.77789,0.13859,0,0.0068914,0.0068914,0.0068914
159,1371.06,2.00178,0.13996,0.64868,1.14164,0.04452,8.34795,0.76186,0.86022,0.84493,0.42794,0.77919,0.90323,0.89496,0.85699,2.46038,0.32522,0.51532,1.06785,0.07304,0,0.0068716,0.0068716,0.0068716
160,1378.63,1.94386,0.15361,0.65357,1.12686,0.04112,8.25841,0.76645,0.70578,0.7304,0.28528,0.78464,0.82273,0.87973,0.85363,3.04713,0.92234,0.78073,1.3643,0.09985,0,0.0068518,0.0068518,0.0068518
161,1387.42,2.00664,0.13983,0.61793,1.1711,0.04379,8.27621,0.69098,0.76943,0.75737,0.28163,0.75925,0.83871,0.88351,0.84453,3.17582,0.53239,0.36507,1.1909,0.10163,0,0.006832,0.006832,0.006832
162,1395.97,1.92541,0.15508,0.64454,1.11586,0.04123,8.3789,0.60782,0.71663,0.68931,0.31024,0.61501,0.91398,0.83079,0.80261,2.88589,0.54948,0.50194,1.21242,0.09205,0,0.0068122,0.0068122,0.0068122
163,1404.45,2.03433,0.18785,0.67198,1.14795,0.0445,8.75517,0.6242,0.78585,0.74739,0.28477,0.66271,0.86022,0.84023,0.80829,3.17726,0.48909,0.54995,1.02372,0.10311,0,0.0067924,0.0067924,0.0067924
164,1412.96,1.97011,0.17152,0.63025,1.14549,0.04323,8.57061,0.6842,0.70968,0.69082,0.32591,0.72297,0.8172,0.81197,0.69839,2.74347,0.92569,0.54566,1.09878,0.08628,0,0.0067726,0.0067726,0.0067726
165,1421.73,1.98908,0.15997,0.63331,1.08475,0.04429,8.37929,0.69228,0.7983,0.79375,0.36995,0.7519,0.87987,0.87368,0.82032,2.66935,0.64071,0.50942,1.14692,0.0805,0,0.0067528,0.0067528,0.0067528
166,1430.29,1.93459,0.15593,0.60519,1.04936,0.04197,8.00852,0.78491,0.75269,0.84213,0.44577,0.80785,0.77419,0.88055,0.82498,2.43765,0.56626,0.45227,0.92009,0.07085,0,0.006733,0.006733,0.006733
167,1438.85,1.97922,0.19511,0.64971,1.14415,0.04342,8.64471,0.75042,0.77594,0.81993,0.407,0.77219,0.80186,0.87326,0.8385,2.68812,0.48449,0.44515,0.93456,0.08523,0,0.0067132,0.0067132,0.0067132
168,1447.3,1.95081,0.18027,0.63524,1.07238,0.04284,8.57111,0.67506,0.80645,0.79221,0.35432,0.73066,0.78762,0.82052,0.80074,2.88201,0.57542,0.39861,1.16155,0.09155,0,0.0066934,0.0066934,0.0066934
169,1456.22,1.97013,0.1439,0.62271,1.10898,0.04176,7.88071,0.66883,0.74194,0.74024,0.31694,0.72649,0.80645,0.8282,0.81235,3.18092,0.62885,0.46715,1.13189,0.10487,0,0.0066736,0.0066736,0.0066736
170,1464.78,1.96818,0.13973,0.62397,1.10462,0.04291,8.03238,0.64088,0.80645,0.69755,0.28784,0.70718,0.90323,0.84856,0.7953,3.03849,0.73871,0.45241,1.33853,0.09941,0,0.0066538,0.0066538,0.0066538
171,1473.33,1.94562,0.14986,0.6196,1.04527,0.04274,7.8304,0.76483,0.80435,0.83285,0.39627,0.76397,0.87011,0.87359,0.8179,2.57089,0.6184,0.46842,1.16834,0.07749,0,0.006634,0.006634,0.006634
172,1481.77,1.97137,0.12917,0.62275,1.03752,0.04256,7.94812,0.74544,0.7957,0.80901,0.42249,0.71346,0.83001,0.82829,0.82151,2.32301,0.29446,0.44069,1.11826,0.06696,0,0.0066142,0.0066142,0.0066142
173,1490.58,1.98743,0.15746,0.6327,1.04603,0.04272,8.04386,0.70425,0.71696,0.74775,0.3816,0.76858,0.77419,0.83467,0.79727,2.46688,0.59434,0.53021,1.02075,0.07563,0,0.0065944,0.0065944,0.0065944
174,1499.12,2.04608,0.1783,0.68001,1.04491,0.04505,8.40899,0.69198,0.80645,0.79604,0.41948,0.76251,0.86022,0.87025,0.84698,2.45799,1.17279,0.43407,0.9392,0.07343,0,0.0065746,0.0065746,0.0065746
175,1507.57,1.88282,0.15777,0.65607,1.05026,0.04026,8.09166,0.66189,0.76344,0.75294,0.40691,0.64717,0.82837,0.82001,0.76977,2.52298,1.28862,0.38652,1.04063,0.07886,0,0.0065548,0.0065548,0.0065548
176,1516.27,1.90069,0.16597,0.62548,1.03384,0.04197,8.42604,0.82963,0.77419,0.81212,0.45017,0.82189,0.78495,0.8542,0.83982,2.40896,0.50552,0.29483,0.9656,0.0735,0,0.006535,0.006535,0.006535
177,1525.06,1.87344,0.1102,0.63194,1.03986,0.04079,7.4344,0.78652,0.87097,0.8802,0.4859,0.7944,0.91404,0.90135,0.88501,2.29422,0.44043,0.3208,0.81811,0.06901,0,0.0065152,0.0065152,0.0065152
178,1533.53,1.88257,0.14939,0.60978,1.07361,0.0405,7.71453,0.8377,0.74194,0.85057,0.38926,0.86764,0.78495,0.92123,0.90794,2.73917,0.39538,0.34176,0.84851,0.0857,0,0.0064954,0.0064954,0.0064954
179,1541.9,1.99423,0.15703,0.65626,1.07309,0.04274,8.30082,0.7185,0.73118,0.77744,0.3535,0.74038,0.7973,0.82886,0.78089,2.83006,0.76598,0.46523,0.96072,0.09051,0,0.0064756,0.0064756,0.0064756
180,1550.41,1.91898,0.14848,0.62622,1.0348,0.04173,7.81778,0.67666,0.82796,0.81338,0.41118,0.7667,0.76344,0.86389,0.85872,2.43621,0.21421,0.39382,0.95171,0.07228,0,0.0064558,0.0064558,0.0064558
181,1559.08,1.89289,0.12262,0.57732,1.06482,0.04041,7.24398,0.51682,0.62366,0.56688,0.20313,0.67148,0.68817,0.74769,0.61947,3.37005,1.44628,0.85275,1.52393,0.11778,0,0.006436,0.006436,0.006436
182,1567.48,1.84742,0.11895,0.60736,0.98985,0.04075,7.49044,0.77808,0.83871,0.83645,0.4626,0.78806,0.84946,0.86132,0.84183,2.27351,0.31441,0.48547,0.84696,0.06617,0,0.0064162,0.0064162,0.0064162
183,1575.89,1.92863,0.14138,0.5995,1.04,0.04219,7.64142,0.59143,0.75269,0.69434,0.37705,0.65094,0.82796,0.80973,0.7835,2.47387,0.50188,0.59349,1.02384,0.07623,0,0.0063964,0.0063964,0.0063964
184,1584.27,1.92176,0.12974,0.58452,1.06525,0.042,7.42139,0.73531,0.7468,0.7506,0.39959,0.80861,0.81774,0.87413,0.86633,2.44554,0.35922,0.48986,0.97167,0.07456,0,0.0063766,0.0063766,0.0063766
185,1592.93,1.85315,0.13,0.61021,1.05194,0.03964,7.55456,0.76319,0.79706,0.81924,0.3945,0.79389,0.82836,0.8763,0.8687,2.69501,0.24938,0.4656,1.07049,0.08168,0,0.0063568,0.0063568,0.0063568
186,1601.85,1.87745,0.13313,0.56065,1.06894,0.041,7.41336,0.8016,0.70968,0.77926,0.33975,0.71724,0.87097,0.87262,0.83073,2.83152,0.57797,0.62106,1.11783,0.08837,0,0.006337,0.006337,0.006337
187,1610.62,1.85796,0.14939,0.59521,1.085,0.03948,7.91801,0.82005,0.80645,0.8498,0.43781,0.82005,0.80645,0.87167,0.85595,2.5113,0.52306,0.36572,0.89107,0.0785,0,0.0063172,0.0063172,0.0063172
188,1618.57,1.92197,0.131,0.55052,1.07489,0.04165,7.8094,0.83439,0.82796,0.86802,0.50783,0.79927,0.89915,0.89039,0.87775,2.25205,0.46321,0.41077,0.76625,0.06843,0,0.0062974,0.0062974,0.0062974
189,1626.09,1.91937,0.13167,0.57712,1.02668,0.04193,7.88365,0.83345,0.80711,0.88513,0.4644,0.78805,0.91398,0.9226,0.90245,2.40268,0.53955,0.37043,1.01795,0.07392,0,0.0062776,0.0062776,0.0062776
190,1634.26,1.85756,0.12623,0.53312,1.01011,0.04011,7.64416,0.82079,0.82796,0.87556,0.48645,0.88326,0.89496,0.94781,0.91448,2.2617,0.43335,0.33426,0.72604,0.0676,0,0.0062578,0.0062578,0.0062578
191,1642.64,1.91646,0.13562,0.5962,1.05081,0.04169,7.80625,0.82615,0.89247,0.86418,0.41963,0.87637,0.94624,0.9544,0.93089,2.59031,0.36739,0.34306,0.72482,0.07992,0,0.006238,0.006238,0.006238
192,1650.77,1.91514,0.13241,0.56573,0.9576,0.04168,7.47216,0.83323,0.82796,0.86435,0.49637,0.84079,0.84946,0.91048,0.89554,2.38399,0.3732,0.32679,0.80695,0.07179,0,0.0062182,0.0062182,0.0062182
193,1659.09,1.88351,0.12264,0.5804,0.9799,0.04097,7.28504,0.59899,0.77419,0.65594,0.28861,0.65469,0.88172,0.79159,0.76724,3.1209,0.51261,0.49411,1.31127,0.10418,0,0.0061984,0.0061984,0.0061984
194,1667.43,1.93967,0.10854,0.5277,0.98344,0.04278,7.3928,0.82249,0.76344,0.81268,0.42788,0.85747,0.7957,0.8747,0.85208,2.28947,0.33448,0.38972,1.01203,0.06756,0,0.0061786,0.0061786,0.0061786
195,1675.69,1.9162,0.15483,0.56921,1.00142,0.04244,7.59738,0.46149,0.62366,0.51042,0.18991,0.63958,0.68817,0.7077,0.55955,3.46765,1.62112,1.50234,1.49091,0.1298,0,0.0061588,0.0061588,0.0061588
196,1684,1.82053,0.13226,0.54854,0.96989,0.03974,7.55261,0.73183,0.73362,0.74576,0.30864,0.80761,0.81252,0.87098,0.8059,3.10515,0.8097,0.48861,0.94722,0.10172,0,0.006139,0.006139,0.006139
197,1692.33,1.92219,0.11925,0.5803,1.02075,0.04268,7.64689,0.82445,0.75753,0.83675,0.44644,0.81005,0.82796,0.89669,0.87997,2.4021,0.31135,0.37544,0.87178,0.07181,0,0.0061192,0.0061192,0.0061192
198,1700.7,1.90069,0.1214,0.58198,1.03885,0.04119,7.74179,0.68552,0.7957,0.72154,0.35898,0.75396,0.87097,0.85671,0.77724,2.49605,0.59587,0.80915,1.05337,0.07618,0,0.0060994,0.0060994,0.0060994
199,1709.06,1.87552,0.14011,0.57641,1.04178,0.03964,7.51957,0.64415,0.8175,0.74722,0.3493,0.70346,0.89277,0.85279,0.77553,2.78638,0.64161,0.68793,0.98131,0.08748,0,0.0060796,0.0060796,0.0060796
200,1717.37,1.88428,0.13798,0.57129,0.99491,0.04034,7.60606,0.70144,0.84946,0.80421,0.3998,0.76597,0.87984,0.8782,0.85003,2.59292,0.48895,0.28844,0.78314,0.08059,0,0.0060598,0.0060598,0.0060598
201,1725.7,1.85274,0.13876,0.55335,1.03125,0.04063,7.84965,0.76741,0.88699,0.85675,0.44934,0.78598,0.90825,0.9163,0.89594,2.45197,0.44509,0.30431,0.69067,0.07437,0,0.00604,0.00604,0.00604
202,1734.08,1.87742,0.15485,0.53896,0.9833,0.04041,7.64706,0.83807,0.89247,0.88992,0.49562,0.86663,0.90835,0.92735,0.91151,2.30042,0.37223,0.27527,0.71004,0.06787,0,0.0060202,0.0060202,0.0060202
203,1742.46,1.83062,0.12014,0.59435,0.99792,0.03985,7.60725,0.76743,0.75269,0.78819,0.3522,0.7547,0.86011,0.87453,0.82002,2.77727,0.67757,0.49545,1.10178,0.08861,0,0.0060004,0.0060004,0.0060004
204,1750.82,1.86544,0.12721,0.53515,0.98422,0.04072,7.52689,0.76769,0.78176,0.78279,0.31152,0.79661,0.8423,0.88917,0.86468,3.00339,0.4986,0.48601,0.8583,0.0997,0,0.0059806,0.0059806,0.0059806
205,1759.13,1.84191,0.13716,0.57974,0.97321,0.03944,7.28184,0.64885,0.62366,0.68433,0.3085,0.82415,0.65516,0.8274,0.76282,2.91105,1.40892,0.85125,1.36109,0.0976,0,0.0059608,0.0059608,0.0059608
206,1767.36,1.76238,0.1412,0.58755,0.96131,0.03786,7.68423,0.84593,0.69892,0.80871,0.32597,0.86392,0.7957,0.90913,0.86747,2.85411,0.35836,0.51725,1.14006,0.09204,0,0.005941,0.005941,0.005941
207,1775.53,1.86365,0.12189,0.58813,0.98649,0.03952,7.37553,0.84301,0.80836,0.85435,0.37774,0.91104,0.88095,0.96346,0.92782,2.79461,0.33426,0.41796,0.93043,0.08917,0,0.0059212,0.0059212,0.0059212
208,1783.75,1.84137,0.15787,0.59628,1.01038,0.0413,7.83186,0.77145,0.68817,0.76225,0.33559,0.87044,0.72245,0.88031,0.81502,2.92923,0.62788,0.42182,0.95465,0.09366,0,0.0059014,0.0059014,0.0059014
209,1791.98,1.86251,0.14784,0.60439,1.01032,0.03984,7.50249,0.65111,0.66224,0.64636,0.29928,0.68584,0.68079,0.75323,0.68118,2.88264,1.03823,0.83277,1.38332,0.09046,0,0.0058816,0.0058816,0.0058816
210,1800.35,1.81213,0.12494,0.54174,1.02416,0.03803,7.21938,0.59701,0.8172,0.70097,0.33487,0.67967,0.91398,0.83127,0.81257,2.81414,0.42713,0.63734,1.21603,0.08845,0,0.0058618,0.0058618,0.0058618
211,1808.63,1.84824,0.1216,0.55795,0.98168,0.03969,7.22753,0.7492,0.86022,0.83146,0.41305,0.78698,0.90323,0.90432,0.88474,2.52954,0.47807,0.34478,0.96838,0.07813,0,0.005842,0.005842,0.005842
212,1816.92,1.89589,0.13027,0.54199,0.96792,0.04045,7.34795,0.67582,0.80699,0.78492,0.36728,0.73867,0.87097,0.84827,0.8326,2.60244,0.45949,0.47872,1.05728,0.08207,0,0.0058222,0.0058222,0.0058222
213,1825.27,1.86348,0.12561,0.53518,0.9715,0.03982,7.07997,0.79958,0.70968,0.8089,0.39359,0.84756,0.77722,0.90242,0.86368,2.61922,0.93487,0.58702,1.01521,0.0818,0,0.0058024,0.0058024,0.0058024
214,1833.32,1.8122,0.12507,0.54358,1.00897,0.03895,7.282,0.61753,0.74194,0.67762,0.34944,0.70702,0.84946,0.81646,0.80052,2.69722,1.29143,0.54979,1.35899,0.08582,0,0.0057826,0.0057826,0.0057826
215,1840.87,1.83595,0.13024,0.53509,1.01502,0.03912,7.27191,0.72093,0.66665,0.64156,0.28694,0.81613,0.77419,0.81334,0.76985,2.98295,1.16116,0.58428,1.26368,0.09896,0,0.0057628,0.0057628,0.0057628
216,1848.39,1.86892,0.12742,0.5807,0.99871,0.04073,7.37321,0.79306,0.69892,0.82829,0.45028,0.76579,0.7957,0.87352,0.8529,2.33399,0.38047,0.30232,0.91582,0.06978,0,0.005743,0.005743,0.005743
217,1856.72,1.85808,0.11446,0.54158,1.00637,0.04061,7.04699,0.79404,0.78767,0.82761,0.43726,0.82675,0.82103,0.89903,0.88864,2.46643,0.30161,0.34629,0.95372,0.07438,0,0.0057232,0.0057232,0.0057232
218,1865.29,1.78221,0.10569,0.54697,1.00851,0.03738,6.9781,0.74476,0.84716,0.82922,0.41518,0.76443,0.88172,0.85851,0.84873,2.40535,0.29891,0.3527,1.14615,0.07176,0,0.0057034,0.0057034,0.0057034
219,1873.61,1.75294,0.12361,0.54436,0.93457,0.03845,7.15615,0.79999,0.82796,0.84744,0.45708,0.82994,0.86022,0.89801,0.88571,2.39856,0.33428,0.32103,0.87806,0.0709,0,0.0056836,0.0056836,0.0056836
220,1882.1,1.84533,0.10321,0.52008,0.96767,0.04037,6.90087,0.70772,0.74194,0.74725,0.34014,0.77457,0.81284,0.86755,0.84814,2.76024,0.30253,0.33941,1.06512,0.08669,0,0.0056638,0.0056638,0.0056638
221,1890.45,1.84642,0.11176,0.58073,0.98097,0.03927,7.21676,0.53895,0.72043,0.58902,0.21417,0.71301,0.64516,0.74976,0.66612,3.29027,1.65747,0.79312,1.41759,0.11211,0,0.005644,0.005644,0.005644
222,1898.87,1.80443,0.14489,0.54607,0.96314,0.03851,7.17675,0.76066,0.78601,0.8296,0.3988,0.7968,0.83871,0.89841,0.87659,2.55217,0.28529,0.38848,1.03491,0.07696,0,0.0056242,0.0056242,0.0056242
223,1907.36,1.82998,0.11193,0.49993,0.96787,0.03917,6.74462,0.70347,0.73978,0.69999,0.30183,0.74014,0.8172,0.79044,0.75544,2.69465,0.7535,0.66165,1.21604,0.08359,0,0.0056044,0.0056044,0.0056044
224,1915.75,1.88705,0.13298,0.55441,0.98966,0.04096,7.02346,0.69662,0.81481,0.7275,0.33253,0.78444,0.90323,0.87814,0.86125,2.69259,0.26759,0.44553,0.89288,0.08177,0,0.0055846,0.0055846,0.0055846
225,1924.25,1.84216,0.12336,0.50375,0.96091,0.03957,6.97272,0.71958,0.89247,0.82065,0.38747,0.78259,0.93548,0.91046,0.89406,2.45572,0.98835,0.73666,1.06063,0.07566,0,0.0055648,0.0055648,0.0055648
226,1932.85,1.82089,0.11579,0.59407,0.92682,0.0388,7.00545,0.78615,0.75104,0.78466,0.37641,0.87546,0.89247,0.93538,0.91376,2.79027,1.04102,0.86118,1.03891,0.09037,0,0.005545,0.005545,0.005545
227,1941.33,1.70361,0.1405,0.62024,0.96917,0.03681,7.20179,0.87632,0.8172,0.86531,0.46753,0.90245,0.89526,0.94925,0.91423,2.42579,1.08069,0.83121,1.03671,0.07574,0,0.0055252,0.0055252,0.0055252
228,1949.82,1.83613,0.12212,0.49007,0.98816,0.03931,6.632,0.81366,0.84518,0.85849,0.49643,0.86489,0.89481,0.92596,0.88677,2.02034,1.08368,0.86564,0.9292,0.06106,0,0.0055054,0.0055054,0.0055054
229,1959.01,1.80408,0.11928,0.56312,0.99795,0.03838,6.60358,0.7778,0.90334,0.88269,0.54722,0.80557,0.9356,0.91744,0.89924,1.92388,0.95962,0.81449,1.14654,0.05589,0,0.0054856,0.0054856,0.0054856
230,1967.73,1.83462,0.10642,0.49957,0.97283,0.04027,6.71184,0.78154,0.78495,0.81438,0.41348,0.87088,0.87027,0.92217,0.9058,2.52753,0.95348,0.66708,1.1067,0.07972,0,0.0054658,0.0054658,0.0054658
231,1975.88,1.79965,0.09108,0.52091,0.96832,0.03858,6.49428,0.78405,0.92473,0.8897,0.51962,0.80061,0.94624,0.91688,0.90572,2.01352,0.94115,0.68998,1.161,0.05766,0,0.005446,0.005446,0.005446
232,1983.41,1.77055,0.11708,0.5281,0.94536,0.03985,7.15495,0.81378,0.88172,0.83279,0.40954,0.84725,0.91398,0.90108,0.88603,2.6395,0.61874,0.38249,0.88513,0.0813,0,0.0054262,0.0054262,0.0054262
233,1991.73,1.7856,0.09496,0.5156,0.94034,0.03764,6.43496,0.80509,0.80645,0.82256,0.41153,0.83249,0.85506,0.90911,0.88037,2.67784,0.43138,0.41051,0.9472,0.08379,0,0.0054064,0.0054064,0.0054064
234,2000.99,1.81275,0.09858,0.51113,0.95104,0.03932,6.70134,0.80606,0.8172,0.84614,0.44652,0.83824,0.84946,0.91912,0.90523,2.34714,0.94024,0.88002,0.99432,0.0698,0,0.0053866,0.0053866,0.0053866
235,2009.42,1.78013,0.11962,0.54963,0.93683,0.03826,6.71672,0.8201,0.78495,0.83326,0.42823,0.83873,0.80645,0.90226,0.886,2.37647,0.96378,1.03003,1.17408,0.07252,0,0.0053668,0.0053668,0.0053668
236,2017.95,1.75729,0.11781,0.57128,0.86751,0.03726,6.86199,0.84613,0.8172,0.87008,0.47959,0.84953,0.91062,0.93524,0.91201,2.10176,0.93243,0.87766,0.86678,0.06258,0,0.005347,0.005347,0.005347
237,2026.44,1.77209,0.10307,0.53145,0.93652,0.03825,6.73299,0.81117,0.83146,0.86742,0.48124,0.85313,0.87447,0.93251,0.92247,2.15986,0.1982,0.30271,0.8288,0.0628,0,0.0053272,0.0053272,0.0053272
238,2035.03,1.72576,0.11445,0.56954,0.90527,0.03663,6.74354,0.81918,0.84946,0.86879,0.47427,0.84527,0.88172,0.93015,0.91963,2.23515,0.28528,0.28661,0.72365,0.0642,0,0.0053074,0.0053074,0.0053074
239,2043.5,1.75254,0.12211,0.48839,0.92697,0.03784,7.08307,0.69738,0.77419,0.79625,0.36017,0.74949,0.86022,0.8948,0.87277,2.89821,0.45378,0.36142,0.92212,0.09359,0,0.0052876,0.0052876,0.0052876
240,2051.97,1.77978,0.13969,0.54912,0.93827,0.03801,7.09613,0.80157,0.78189,0.81933,0.40744,0.82942,0.82796,0.91268,0.89879,2.69149,0.33105,0.31794,0.79827,0.08531,0,0.0052678,0.0052678,0.0052678
241,2060.29,1.83007,0.11736,0.52422,0.98252,0.04061,7.41366,0.6175,0.82796,0.73077,0.31303,0.67864,0.95699,0.85277,0.80915,2.91625,0.56063,0.34718,1.0178,0.0914,0,0.005248,0.005248,0.005248
242,2068.73,1.73374,0.1096,0.47868,0.92096,0.03682,6.68947,0.7573,0.80525,0.77814,0.40613,0.81797,0.86977,0.89622,0.88111,2.34813,0.29009,0.32948,0.96171,0.06997,0,0.0052282,0.0052282,0.0052282
243,2077.12,1.703,0.10609,0.51388,0.91824,0.03654,6.85617,0.56108,0.71479,0.59217,0.21761,0.62735,0.79649,0.78783,0.5882,3.30813,1.81163,1.36123,1.54922,0.11597,0,0.0052084,0.0052084,0.0052084
244,2085.6,1.71373,0.09233,0.4857,0.94821,0.03668,6.34552,0.72673,0.74351,0.75156,0.31295,0.82145,0.84099,0.89288,0.87269,2.96065,1.08611,0.81884,1.18243,0.0967,0,0.0051886,0.0051886,0.0051886
245,2094.06,1.76546,0.09861,0.48216,0.91099,0.03809,6.64358,0.88787,0.83871,0.89923,0.52218,0.91706,0.86022,0.95076,0.93874,2.25163,0.19984,0.35029,0.71908,0.06583,0,0.0051688,0.0051688,0.0051688
246,2102.49,1.74361,0.10016,0.49309,0.94276,0.03764,6.75485,0.78919,0.84536,0.84656,0.42001,0.83961,0.90061,0.92224,0.8886,2.50677,0.40513,0.40878,0.82753,0.07606,0,0.005149,0.005149,0.005149
247,2110.94,1.69955,0.11432,0.5065,0.92566,0.03626,6.64747,0.83578,0.91398,0.88339,0.51237,0.86558,0.94624,0.93314,0.92196,2.11232,0.18727,0.30804,0.72323,0.06101,0,0.0051292,0.0051292,0.0051292
248,2119.38,1.74739,0.08217,0.48191,0.9608,0.03769,6.28345,0.70277,0.78495,0.75623,0.31455,0.7851,0.87097,0.8752,0.76946,2.91949,0.91162,0.51565,1.05496,0.09625,0,0.0051094,0.0051094,0.0051094
249,2127.82,1.72282,0.12812,0.55726,0.87371,0.03787,6.76361,0.82038,0.80645,0.85497,0.42814,0.84462,0.87679,0.93591,0.89999,2.63862,0.43983,0.35523,0.86053,0.08408,0,0.0050896,0.0050896,0.0050896
250,2136.07,1.69336,0.11039,0.48395,0.8748,0.0357,6.40639,0.74026,0.85808,0.85357,0.4679,0.777,0.89921,0.91029,0.89713,2.44277,0.37106,0.39275,0.73618,0.07538,0,0.0050698,0.0050698,0.0050698
251,2144.43,1.68866,0.08878,0.49243,0.89129,0.03598,6.33954,0.71117,0.78495,0.74803,0.30362,0.79951,0.88172,0.85593,0.80625,3.07527,0.56974,0.40817,1.14543,0.1024,0,0.00505,0.00505,0.00505
252,2153.04,1.72815,0.09824,0.48777,0.90488,0.03723,6.47816,0.80839,0.90323,0.90743,0.51389,0.81801,0.91398,0.91223,0.89971,2.15774,0.31594,0.30751,0.61321,0.06322,0,0.0050302,0.0050302,0.0050302
253,2161.6,1.71502,0.08868,0.4837,0.8956,0.03601,6.10927,0.85803,0.90981,0.9378,0.54243,0.87824,0.93068,0.95723,0.94962,2.12517,0.26724,0.30074,0.58752,0.06132,0,0.0050104,0.0050104,0.0050104
254,2170.16,1.70445,0.11234,0.494,0.85366,0.03584,6.46089,0.80844,0.89247,0.91252,0.57618,0.84414,0.90323,0.9478,0.94014,2.01934,0.29088,0.26862,0.62142,0.05803,0,0.0049906,0.0049906,0.0049906
255,2178.71,1.68168,0.10446,0.50239,0.88137,0.03556,6.45902,0.79489,0.91677,0.92056,0.54937,0.79798,0.96774,0.94277,0.93339,2.08999,0.31167,0.39701,0.7329,0.06016,0,0.0049708,0.0049708,0.0049708
256,2187.19,1.76654,0.0957,0.48413,0.88511,0.0388,6.55378,0.87361,0.89188,0.92902,0.58621,0.90518,0.92382,0.96521,0.95251,1.92358,0.23686,0.41739,0.52749,0.05487,0,0.004951,0.004951,0.004951
257,2195.73,1.72309,0.10049,0.53311,0.87773,0.03619,6.51345,0.83126,0.93548,0.90641,0.51639,0.8509,0.95699,0.94811,0.94288,2.20783,0.19197,0.40397,0.60712,0.06413,0,0.0049312,0.0049312,0.0049312
258,2204.18,1.70041,0.08529,0.48946,0.84545,0.03635,6.44075,0.73234,0.76493,0.80406,0.37663,0.7644,0.89247,0.90714,0.87708,2.74334,0.49297,0.40028,0.94906,0.08555,0,0.0049114,0.0049114,0.0049114
259,2212.5,1.72679,0.09564,0.49091,0.90721,0.03705,6.53993,0.70332,0.83871,0.76461,0.3674,0.79888,0.94624,0.91856,0.87193,2.58602,0.45053,0.31879,0.86218,0.07943,0,0.0048916,0.0048916,0.0048916
260,2221.09,1.73042,0.08208,0.4607,0.9139,0.03653,6.04359,0.81717,0.88172,0.86062,0.47813,0.86725,0.93548,0.93141,0.92513,2.30249,0.15344,0.25907,0.70012,0.06845,0,0.0048718,0.0048718,0.0048718
261,2229.41,1.7302,0.09605,0.49072,0.91605,0.03676,6.65261,0.84999,0.85299,0.87661,0.47456,0.88208,0.88478,0.92773,0.92132,2.29286,0.21678,0.29495,0.68581,0.06868,0,0.004852,0.004852,0.004852
262,2237.96,1.72265,0.08589,0.45707,0.91288,0.03722,6.72382,0.84072,0.89247,0.9098,0.55069,0.85259,0.91398,0.93682,0.92662,2.14687,0.21453,0.27498,0.65928,0.06336,0,0.0048322,0.0048322,0.0048322
263,2246.56,1.71751,0.09132,0.5411,0.88904,0.03638,6.40297,0.83089,0.86022,0.90239,0.50709,0.84174,0.87097,0.91345,0.90523,2.25628,0.35352,0.46151,0.6763,0.06732,0,0.0048124,0.0048124,0.0048124
264,2255.04,1.70092,0.08155,0.46898,0.84919,0.03607,6.13179,0.78916,0.88544,0.84338,0.44329,0.82696,0.925,0.92499,0.9146,2.29376,0.91321,0.94191,0.89067,0.07101,0,0.0047926,0.0047926,0.0047926
265,2262.62,1.72939,0.09021,0.52051,0.90074,0.03731,6.61532,0.83556,0.84946,0.87255,0.47962,0.86729,0.88172,0.93843,0.92647,2.24917,0.25769,0.4117,0.71101,0.06561,0,0.0047728,0.0047728,0.0047728
266,2270.16,1.77496,0.11927,0.47137,0.94947,0.03912,6.55573,0.90647,0.77419,0.89528,0.4821,0.90643,0.83336,0.93858,0.92318,2.16539,0.90797,0.77298,0.83984,0.06578,0,0.004753,0.004753,0.004753
267,2278.26,1.69497,0.08338,0.49211,0.90376,0.03624,6.33548,0.7945,0.93548,0.91327,0.53581,0.83231,0.97849,0.95564,0.94139,2.04658,0.9039,0.81097,0.7812,0.06151,0,0.0047332,0.0047332,0.0047332
268,2286.78,1.6768,0.08445,0.4816,0.87652,0.0359,6.22916,0.75468,0.93548,0.88905,0.52673,0.79522,0.98925,0.93763,0.92619,2.1514,0.22781,0.39766,0.7244,0.06247,0,0.0047134,0.0047134,0.0047134
269,2295.1,1.6662,0.08578,0.48339,0.90145,0.03632,6.39997,0.75787,0.89247,0.86301,0.50189,0.79372,0.95162,0.92775,0.91292,2.13032,0.92304,1.01936,0.79607,0.06488,0,0.0046936,0.0046936,0.0046936
270,2303.47,1.77177,0.09271,0.46092,0.87441,0.03731,6.24644,0.82037,0.89247,0.88816,0.47927,0.85132,0.92473,0.94139,0.92997,2.13741,0.96967,0.95921,0.83087,0.06516,0,0.0046738,0.0046738,0.0046738
271,2311.79,1.68466,0.11656,0.50728,0.93894,0.03615,6.60584,0.81343,0.78495,0.81313,0.39395,0.83976,0.82796,0.89606,0.86957,2.62175,0.4868,0.3769,0.8794,0.08226,0,0.004654,0.004654,0.004654
272,2320.34,1.68172,0.115,0.53594,0.90123,0.03588,6.57835,0.83864,0.83829,0.86288,0.53242,0.83966,0.87097,0.9047,0.88777,2.05871,0.45662,0.29388,0.74586,0.06065,0,0.0046342,0.0046342,0.0046342
273,2328.81,1.68353,0.07775,0.45323,0.88273,0.03588,5.98263,0.78924,0.84562,0.88414,0.53026,0.79615,0.88192,0.90736,0.89511,2.04383,0.34522,0.36438,0.65551,0.0593,0,0.0046144,0.0046144,0.0046144
274,2337.18,1.70932,0.08601,0.48227,0.84607,0.03692,6.30097,0.82132,0.88966,0.8741,0.50138,0.82066,0.91398,0.90541,0.88626,2.09541,1.01867,0.86927,0.90163,0.06208,0,0.0045946,0.0045946,0.0045946
275,2345.58,1.7344,0.09875,0.50731,0.8536,0.038,6.54646,0.82168,0.89187,0.89224,0.54909,0.80399,0.94624,0.92128,0.90186,1.97245,1.05673,0.91009,0.78434,0.05777,0,0.0045748,0.0045748,0.0045748
276,2354.03,1.71216,0.10053,0.5157,0.86918,0.03773,6.41931,0.78416,0.86022,0.85069,0.44966,0.78593,0.90323,0.89355,0.87454,2.25241,0.96133,0.94056,1.0015,0.06762,0,0.004555,0.004555,0.004555
277,2362.37,1.72078,0.08488,0.46541,0.85729,0.03668,6.25837,0.77679,0.89812,0.86005,0.49447,0.79535,0.91941,0.91436,0.89705,2.14439,0.45258,0.30266,0.70682,0.06338,0,0.0045352,0.0045352,0.0045352
278,2370.85,1.73221,0.12601,0.46519,0.89784,0.03593,6.59605,0.84415,0.88172,0.8721,0.54494,0.85445,0.89247,0.90456,0.88598,1.95832,1.03775,0.69622,0.83216,0.0574,0,0.0045154,0.0045154,0.0045154
279,2379.34,1.69548,0.09105,0.46653,0.87037,0.03671,6.48284,0.75323,0.82057,0.79817,0.43198,0.76539,0.87699,0.86319,0.83847,2.19182,1.02864,0.74311,0.96261,0.06629,0,0.0044956,0.0044956,0.0044956
280,2387.85,1.69057,0.09645,0.43462,0.89203,0.03476,6.03946,0.79275,0.8172,0.80309,0.39853,0.87817,0.93009,0.95108,0.88272,2.61872,0.41958,0.43557,0.74583,0.08045,0,0.0044758,0.0044758,0.0044758
281,2396.33,1.73373,0.09678,0.46428,0.89561,0.03683,6.36997,0.84704,0.88172,0.88826,0.46988,0.87823,0.91398,0.93652,0.88261,2.39011,1.20541,0.859,0.85692,0.07423,0,0.004456,0.004456,0.004456
282,2404.32,1.70852,0.10452,0.47718,0.92522,0.03695,6.63269,0.78866,0.84265,0.8485,0.47554,0.8483,0.87097,0.90597,0.88582,2.14827,0.94028,0.82765,1.01761,0.06481,0,0.0044362,0.0044362,0.0044362
283,2412.1,1.70057,0.08054,0.44269,0.87395,0.03709,6.21116,0.82067,0.78495,0.86179,0.48055,0.87244,0.8172,0.90706,0.87909,2.19095,0.43109,0.5004,0.82209,0.0642,0,0.0044164,0.0044164,0.0044164
284,2420.64,1.66899,0.08206,0.4957,0.87257,0.0354,5.92236,0.82279,0.89247,0.89419,0.52247,0.85297,0.92473,0.94323,0.92518,2.15677,0.509,0.42066,0.69556,0.06413,0,0.0043966,0.0043966,0.0043966
285,2429.18,1.66472,0.08629,0.52356,0.86375,0.03567,6.32859,0.82406,0.92473,0.92214,0.55192,0.8557,0.95644,0.95967,0.94054,2.14371,0.41872,0.37156,0.59418,0.06373,0,0.0043768,0.0043768,0.0043768
286,2437.5,1.63827,0.09317,0.47327,0.84947,0.03506,6.45823,0.80277,0.93548,0.87367,0.53857,0.8314,0.96774,0.93489,0.91432,2.00343,0.24439,0.39383,0.74358,0.05725,0,0.004357,0.004357,0.004357
287,2445.83,1.61749,0.09006,0.4866,0.79673,0.03371,6.27003,0.79997,0.94624,0.91172,0.58359,0.84005,0.96774,0.94752,0.94001,1.90727,0.221,0.27694,0.57897,0.05344,0,0.0043372,0.0043372,0.0043372
288,2454.27,1.66071,0.06716,0.44637,0.81869,0.03586,5.90058,0.83187,0.87097,0.89776,0.50869,0.85241,0.89247,0.93854,0.93527,2.12829,0.24403,0.23616,0.72014,0.06152,0,0.0043174,0.0043174,0.0043174
289,2462.79,1.65684,0.08639,0.45209,0.86588,0.03577,6.00067,0.91222,0.84946,0.90952,0.53526,0.87894,0.86022,0.93804,0.91634,2.04709,0.3578,0.23278,0.62171,0.05848,0,0.0042976,0.0042976,0.0042976
290,2471.36,1.63177,0.09808,0.44137,0.86584,0.03528,6.11129,0.8731,0.90323,0.92933,0.56914,0.89435,0.92473,0.97066,0.96099,2.00764,0.27486,0.28643,0.60732,0.05701,0,0.0042778,0.0042778,0.0042778
291,2479.75,1.66352,0.08312,0.45384,0.85188,0.03498,6.27608,0.87952,0.94201,0.92841,0.58895,0.90944,0.97187,0.97993,0.97017,1.98156,0.26973,0.39502,0.53511,0.0569,0,0.004258,0.004258,0.004258
292,2488.16,1.61886,0.08816,0.46928,0.80514,0.034,6.0773,0.83466,0.92279,0.91954,0.59082,0.87356,0.9658,0.95742,0.94788,1.89965,0.86029,0.71837,0.74138,0.05507,0,0.0042382,0.0042382,0.0042382
293,2496.66,1.5884,0.10156,0.46752,0.84725,0.03371,6.11814,0.77151,0.87097,0.87853,0.49147,0.81914,0.92473,0.9322,0.8953,2.15496,0.57355,0.34545,0.74208,0.06359,0,0.0042184,0.0042184,0.0042184
294,2505.03,1.6289,0.10066,0.45441,0.85871,0.03538,6.31825,0.80946,0.89247,0.88805,0.49011,0.85835,0.94624,0.95699,0.94508,2.32493,0.37847,0.22512,0.60775,0.07026,0,0.0041986,0.0041986,0.0041986
295,2513.47,1.61355,0.09036,0.4802,0.80836,0.03391,6.02651,0.85569,0.8926,0.89918,0.53565,0.87746,0.91398,0.95686,0.95141,2.17344,0.34044,0.20994,0.67284,0.06458,0,0.0041788,0.0041788,0.0041788
296,2521.8,1.61512,0.08254,0.42478,0.86625,0.03351,6.10023,0.87761,0.91398,0.91003,0.52688,0.90905,0.94624,0.96547,0.96102,2.20394,0.12688,0.23611,0.59159,0.06358,0,0.004159,0.004159,0.004159
297,2530.5,1.64931,0.09459,0.47318,0.87962,0.03494,5.99137,0.90302,0.90113,0.91449,0.59584,0.92681,0.95321,0.96587,0.96274,1.96042,0.17502,0.21307,0.51456,0.05607,0,0.0041392,0.0041392,0.0041392
298,2538.22,1.62938,0.11882,0.43687,0.88113,0.03415,6.21415,0.7631,0.93548,0.91378,0.58989,0.79197,0.96774,0.93087,0.92705,1.88361,0.22643,0.23148,0.66239,0.0535,0,0.0041194,0.0041194,0.0041194
299,2545.75,1.66408,0.1014,0.44857,0.8582,0.03489,6.03805,0.82334,0.93548,0.92854,0.59246,0.87662,0.96774,0.97767,0.96752,2.02072,0.28043,0.22511,0.50546,0.05768,0,0.0040996,0.0040996,0.0040996
300,2553.7,1.65691,0.07783,0.44179,0.86152,0.03584,6.20807,0.8211,0.91398,0.91418,0.53368,0.90009,0.87097,0.94701,0.93605,2.04495,0.31365,0.28389,0.67814,0.05917,0,0.0040798,0.0040798,0.0040798
301,2562.09,1.63362,0.07901,0.46671,0.80964,0.03459,5.89375,0.82372,0.8542,0.86802,0.53184,0.8547,0.88554,0.92406,0.89399,1.98004,0.31342,0.28996,0.77181,0.05672,0,0.00406,0.00406,0.00406
302,2570.49,1.68017,0.06498,0.47891,0.78924,0.03589,5.82348,0.83742,0.9416,0.92909,0.57486,0.92099,0.87735,0.95343,0.94579,1.94453,0.2963,0.21735,0.52252,0.05466,0,0.0040402,0.0040402,0.0040402
303,2578.72,1.66891,0.08305,0.45211,0.8347,0.03468,5.85257,0.84906,0.95699,0.94709,0.54748,0.84906,0.95699,0.94709,0.92725,2.01991,0.34967,0.25709,0.61713,0.0573,0,0.0040204,0.0040204,0.0040204
304,2586.93,1.62175,0.07637,0.42385,0.86146,0.03469,6.0064,0.88442,0.90512,0.92475,0.56703,0.90544,0.92663,0.95919,0.94826,2.06775,0.27312,0.23819,0.55076,0.0591,0,0.0040006,0.0040006,0.0040006
305,2595.17,1.6648,0.09889,0.51706,0.88422,0.03546,6.27535,0.86774,0.91398,0.89611,0.52823,0.91726,0.95369,0.95982,0.955,2.0952,0.22502,0.2673,0.58589,0.0607,0,0.0039808,0.0039808,0.0039808
306,2603.64,1.63125,0.08392,0.45224,0.85567,0.03466,5.75202,0.87024,0.88172,0.90377,0.5478,0.90305,0.91398,0.94343,0.93879,1.96046,0.2378,0.2798,0.5344,0.05606,0,0.003961,0.003961,0.003961
307,2612.03,1.67064,0.07881,0.45889,0.84589,0.03629,6.12361,0.89602,0.83398,0.88929,0.53248,0.91321,0.84946,0.92579,0.92275,1.92021,0.15496,0.24577,0.6881,0.05366,0,0.0039412,0.0039412,0.0039412
308,2620.51,1.61902,0.10331,0.44628,0.8438,0.03533,6.0275,0.87472,0.90093,0.88179,0.57511,0.90601,0.93287,0.93476,0.9304,1.78111,0.20011,0.26057,0.59968,0.04959,0,0.0039214,0.0039214,0.0039214
309,2628.88,1.65013,0.06418,0.3863,0.77613,0.0348,5.53209,0.84894,0.90647,0.89515,0.53811,0.87893,0.93676,0.94185,0.93762,2.01926,0.14021,0.20212,0.56407,0.05752,0,0.0039016,0.0039016,0.0039016
310,2637.49,1.68545,0.09127,0.45869,0.79695,0.03522,6.19763,0.86167,0.87071,0.89119,0.54232,0.89336,0.90077,0.93355,0.92989,2.09843,0.20094,0.1751,0.6636,0.05922,0,0.0038818,0.0038818,0.0038818
311,2645.29,1.64046,0.08649,0.41338,0.82446,0.03487,5.81667,0.90518,0.92473,0.90533,0.56563,0.92624,0.94515,0.94553,0.93898,1.94571,0.15145,0.26325,0.51038,0.05376,0,0.003862,0.003862,0.003862
312,2654.69,1.61019,0.07127,0.37597,0.80865,0.03416,5.76406,0.92934,0.82796,0.91004,0.55958,0.89388,0.90572,0.96372,0.95667,1.98034,0.1913,0.22974,0.52407,0.05574,0,0.0038422,0.0038422,0.0038422
313,2663.22,1.55577,0.084,0.42613,0.75968,0.03267,5.69727,0.82233,0.89247,0.89303,0.50978,0.86224,0.93548,0.94692,0.94152,2.10994,0.14277,0.21264,0.66024,0.06025,0,0.0038224,0.0038224,0.0038224
314,2671.66,1.62271,0.09099,0.4705,0.84946,0.03473,5.61281,0.85419,0.89247,0.89552,0.52028,0.89733,0.93982,0.95678,0.95232,2.18488,0.11833,0.22608,0.55974,0.06223,0,0.0038026,0.0038026,0.0038026
315,2679.99,1.59005,0.10193,0.43782,0.82941,0.03425,6.09065,0.87274,0.83871,0.90863,0.54205,0.92613,0.89247,0.95549,0.94574,2.0566,0.14427,0.27342,0.65206,0.05784,0,0.0037828,0.0037828,0.0037828
316,2688.31,1.58368,0.07977,0.46263,0.79251,0.03279,5.57374,0.83583,0.87596,0.89031,0.49641,0.85617,0.89609,0.93102,0.91074,2.23661,0.31724,0.30203,0.68523,0.06564,0,0.003763,0.003763,0.003763
317,2696.49,1.6335,0.06982,0.4558,0.79543,0.03475,5.80173,0.8403,0.88172,0.913,0.52136,0.8467,0.92473,0.94087,0.92455,2.1166,0.17339,0.26879,0.73733,0.05886,0,0.0037432,0.0037432,0.0037432
318,2704.77,1.67189,0.09229,0.44651,0.82288,0.03647,5.77376,0.83881,0.88172,0.88493,0.47234,0.88951,0.91398,0.93719,0.92288,2.33014,0.20382,0.30762,0.70185,0.0679,0,0.0037234,0.0037234,0.0037234
319,2713.15,1.61314,0.07435,0.40028,0.79727,0.03442,5.58656,0.87466,0.90044,0.91983,0.5617,0.90593,0.93197,0.96206,0.95872,1.97624,0.08173,0.26367,0.6211,0.055,0,0.0037036,0.0037036,0.0037036
320,2721.41,1.66117,0.08411,0.42546,0.87507,0.03483,5.81755,0.85455,0.92473,0.90721,0.57315,0.9078,0.97849,0.97067,0.96751,1.95608,0.14285,0.22297,0.61303,0.05578,0,0.0036838,0.0036838,0.0036838
321,2729.63,1.608,0.09632,0.44851,0.81921,0.0343,5.67452,0.83143,0.91398,0.89267,0.55297,0.88489,0.96774,0.96286,0.95548,1.92879,0.14411,0.27523,0.68646,0.05406,0,0.003664,0.003664,0.003664
322,2737.87,1.57515,0.08436,0.42224,0.84206,0.03287,5.92544,0.84619,0.94648,0.89901,0.5736,0.8753,0.97849,0.94889,0.94329,1.85219,0.12243,0.27218,0.51196,0.05157,0,0.0036442,0.0036442,0.0036442
323,2746.03,1.62803,0.0703,0.42374,0.84732,0.03439,5.67506,0.83644,0.93481,0.93584,0.61221,0.85559,0.95562,0.96446,0.96342,1.85245,0.11755,0.20044,0.54601,0.05146,0,0.0036244,0.0036244,0.0036244
324,2754.4,1.60406,0.07343,0.39303,0.80172,0.03371,5.52844,0.9148,0.9236,0.94523,0.56211,0.9361,0.94511,0.97306,0.96354,1.95321,0.1381,0.20219,0.61448,0.0538,0,0.0036046,0.0036046,0.0036046
325,2762.55,1.57564,0.07982,0.41796,0.79449,0.03342,5.73437,0.87135,0.90323,0.93626,0.60202,0.87214,0.93548,0.94388,0.93682,1.80137,0.13157,0.19823,0.60519,0.04836,0,0.0035848,0.0035848,0.0035848
326,2770.88,1.63124,0.06232,0.42757,0.82271,0.03519,5.55152,0.83888,0.95699,0.94941,0.61001,0.85774,0.97849,0.97174,0.96113,1.86228,0.20433,0.15841,0.55983,0.05175,0,0.003565,0.003565,0.003565
327,2779.06,1.58058,0.0725,0.44752,0.79448,0.03441,5.52661,0.86261,0.91398,0.90572,0.60224,0.89324,0.94624,0.95072,0.94395,1.80589,0.20514,0.22323,0.56698,0.05011,0,0.0035452,0.0035452,0.0035452
328,2787.32,1.57905,0.05619,0.39915,0.80158,0.03277,5.28647,0.93391,0.91165,0.9325,0.61294,0.92503,0.92871,0.95685,0.95334,1.70007,0.15294,0.29321,0.55441,0.04629,0,0.0035254,0.0035254,0.0035254
329,2795.53,1.59928,0.06698,0.4227,0.77951,0.03366,5.52299,0.90329,0.94624,0.95902,0.63553,0.89302,0.93548,0.95227,0.9477,1.59512,0.16136,0.23529,0.50222,0.0428,0,0.0035056,0.0035056,0.0035056
330,2803.93,1.58517,0.05443,0.41951,0.80097,0.03389,5.36781,0.90661,0.93945,0.94949,0.61377,0.89625,0.92887,0.94027,0.93577,1.67314,0.16506,0.19796,0.52738,0.04559,0,0.0034858,0.0034858,0.0034858
331,2812.35,1.56944,0.06521,0.41778,0.77108,0.0329,5.55608,0.94164,0.90323,0.96367,0.65107,0.94164,0.90323,0.96701,0.96297,1.71098,0.1629,0.24372,0.4602,0.04606,0,0.003466,0.003466,0.003466
332,2820.63,1.59472,0.09319,0.43046,0.82115,0.03389,5.77667,0.87773,0.92628,0.94395,0.65892,0.89186,0.92473,0.95472,0.94934,1.73682,0.24693,0.23447,0.4965,0.04882,0,0.0034462,0.0034462,0.0034462
333,2828.96,1.62188,0.08357,0.4312,0.79009,0.03406,5.55582,0.82836,0.94624,0.93477,0.61981,0.83777,0.95699,0.94589,0.94111,1.85245,0.24363,0.25024,0.53204,0.05218,0,0.0034264,0.0034264,0.0034264
334,2837.32,1.63836,0.09036,0.42581,0.81516,0.03503,5.63279,0.89183,0.97849,0.95487,0.62644,0.90834,0.959,0.95646,0.95354,1.83946,0.18032,0.24394,0.45973,0.05064,0,0.0034066,0.0034066,0.0034066
335,2845.58,1.55118,0.08697,0.42161,0.75554,0.0323,5.48315,0.86728,0.94624,0.96001,0.66552,0.87418,0.97123,0.96785,0.95994,1.75765,0.14472,0.19838,0.49777,0.04692,0,0.0033868,0.0033868,0.0033868
336,2853.96,1.57629,0.09549,0.41878,0.75796,0.03293,5.46261,0.9029,0.89986,0.9241,0.62042,0.92454,0.92228,0.96508,0.96019,1.86623,0.15295,0.20776,0.49591,0.0523,0,0.003367,0.003367,0.003367
337,2861.67,1.64776,0.06778,0.40078,0.84949,0.03519,5.57576,0.85112,0.94624,0.93883,0.58402,0.85112,0.94624,0.94595,0.9422,2.00582,0.09972,0.20684,0.54043,0.05443,0,0.0033472,0.0033472,0.0033472
338,2870.2,1.59173,0.07187,0.40127,0.74986,0.03437,5.62392,0.83939,0.92473,0.9289,0.56055,0.85445,0.95699,0.95773,0.94682,1.97811,0.16938,0.23344,0.52228,0.05462,0,0.0033274,0.0033274,0.0033274
339,2878.57,1.58077,0.07577,0.4178,0.80004,0.03298,5.53368,0.84025,0.94624,0.9447,0.61666,0.84025,0.94624,0.94747,0.94506,1.71575,0.11399,0.16327,0.54784,0.04485,0,0.0033076,0.0033076,0.0033076
340,2886.97,1.53526,0.06207,0.40681,0.81025,0.03191,5.29948,0.86871,0.88172,0.93404,0.61394,0.89103,0.90323,0.95886,0.955,1.82521,0.10619,0.18354,0.55085,0.04949,0,0.0032878,0.0032878,0.0032878
341,2895.49,1.56819,0.0618,0.39292,0.77487,0.03248,5.42725,0.84531,0.94019,0.94781,0.65748,0.85498,0.95094,0.95806,0.95502,1.69096,0.11243,0.20378,0.48502,0.04558,0,0.003268,0.003268,0.003268
342,2903.89,1.58346,0.06338,0.46555,0.79071,0.03368,5.16297,0.90083,0.91398,0.94207,0.63209,0.89641,0.93051,0.95684,0.95437,1.77039,0.12525,0.20505,0.50133,0.04833,0,0.0032482,0.0032482,0.0032482
343,2912.52,1.58772,0.07015,0.44463,0.78013,0.03253,5.38473,0.86132,0.92473,0.94967,0.64476,0.87178,0.93548,0.9601,0.9571,1.70554,0.10269,0.20761,0.51449,0.04613,0,0.0032284,0.0032284,0.0032284
344,2920.93,1.62719,0.08325,0.45237,0.78451,0.03472,5.53632,0.83513,0.97849,0.94631,0.63059,0.8443,0.98925,0.956,0.94979,1.75562,0.13819,0.17033,0.46569,0.04799,0,0.0032086,0.0032086,0.0032086
345,2929.37,1.54657,0.06783,0.3915,0.78934,0.03274,5.1695,0.854,0.97849,0.94431,0.62412,0.86401,0.98925,0.95307,0.94351,1.74326,0.13168,0.17824,0.48536,0.04758,0,0.0031888,0.0031888,0.0031888
346,2937.77,1.5581,0.0644,0.36637,0.79758,0.03327,5.33735,0.84064,0.94624,0.94653,0.60444,0.84064,0.94624,0.95159,0.94579,1.89804,0.1292,0.17672,0.54626,0.05281,0,0.003169,0.003169,0.003169
347,2945.97,1.54449,0.0613,0.39607,0.79297,0.03244,5.23156,0.87106,0.90323,0.94399,0.6595,0.89071,0.92473,0.96947,0.96806,1.6889,0.1126,0.19165,0.46592,0.04643,0,0.0031492,0.0031492,0.0031492
348,2954.44,1.62309,0.07376,0.42365,0.80571,0.03369,5.50691,0.8013,0.93548,0.88331,0.55984,0.839,0.96774,0.93789,0.92749,1.9726,0.22781,0.19122,0.56496,0.05724,0,0.0031294,0.0031294,0.0031294
349,2962.77,1.58313,0.08286,0.42464,0.77478,0.03383,5.35101,0.91346,0.90796,0.93576,0.56367,0.93509,0.92947,0.96386,0.96208,2.11445,0.1261,0.22171,0.5588,0.0607,0,0.0031096,0.0031096,0.0031096
350,2971.06,1.59927,0.06545,0.43308,0.82171,0.03345,5.21748,0.84176,0.94624,0.92975,0.60622,0.86089,0.96774,0.95774,0.95168,1.86957,0.1391,0.19294,0.51569,0.05259,0,0.0030898,0.0030898,0.0030898
351,2979.32,1.56167,0.07562,0.38729,0.77738,0.03304,5.10176,0.84892,0.91398,0.92613,0.61629,0.85844,0.96774,0.94508,0.94021,1.79454,0.12782,0.2119,0.50144,0.04971,0,0.00307,0.00307,0.00307
352,2987.72,1.58322,0.07151,0.45285,0.77491,0.03428,5.49149,0.79698,0.92869,0.91646,0.60366,0.82985,0.94396,0.94812,0.94486,1.7866,0.12438,0.213,0.58926,0.04919,0,0.0030502,0.0030502,0.0030502
353,2996.36,1.56954,0.07719,0.41375,0.78352,0.03229,5.36056,0.88164,0.94624,0.95834,0.6379,0.8925,0.95699,0.9678,0.9646,1.77087,0.15027,0.18286,0.48545,0.04821,0,0.0030304,0.0030304,0.0030304
354,3004.62,1.50567,0.06848,0.42559,0.74881,0.03166,5.46527,0.83586,0.87097,0.9216,0.57078,0.85675,0.89247,0.94107,0.92948,1.92418,0.17837,0.26004,0.58715,0.05292,0,0.0030106,0.0030106,0.0030106
355,3012.78,1.51607,0.05997,0.40472,0.75706,0.03195,5.24206,0.92712,0.89247,0.96306,0.63982,0.88558,0.95699,0.9717,0.96698,1.72804,0.10817,0.21108,0.48914,0.04582,0,0.0029908,0.0029908,0.0029908
356,3021.01,1.56216,0.07193,0.41291,0.77398,0.03367,5.56201,0.95414,0.82796,0.95789,0.6559,0.89468,0.91342,0.96955,0.96332,1.74557,0.21358,0.18117,0.52369,0.04866,0,0.002971,0.002971,0.002971
357,3029.28,1.50991,0.0906,0.41107,0.77394,0.03111,5.48071,0.85305,0.91398,0.93557,0.59653,0.88339,0.94624,0.95985,0.95241,1.86775,0.18999,0.21365,0.53742,0.05255,0,0.0029512,0.0029512,0.0029512
358,3037.69,1.54211,0.05639,0.35806,0.76519,0.03277,5.42537,0.90003,0.87097,0.93556,0.59962,0.9205,0.89247,0.95858,0.95271,1.85188,0.18445,0.21491,0.5549,0.05204,0,0.0029314,0.0029314,0.0029314
359,3046.37,1.57012,0.10598,0.4041,0.78788,0.03289,5.85867,0.87915,0.9387,0.93637,0.62781,0.8826,0.95699,0.94832,0.94365,1.72524,0.14173,0.21447,0.53298,0.04599,0,0.0029116,0.0029116,0.0029116
360,3054.98,1.53063,0.07136,0.42482,0.76251,0.03328,5.39883,0.87105,0.94425,0.92879,0.62029,0.89024,0.95933,0.95334,0.94851,1.75927,0.1369,0.23057,0.51901,0.04749,0,0.0028918,0.0028918,0.0028918
361,3063.42,1.55193,0.06877,0.41467,0.78887,0.03314,5.3576,0.87064,0.92473,0.93568,0.61724,0.89089,0.94624,0.94823,0.94251,1.88192,0.20157,0.19215,0.56422,0.05273,0,0.002872,0.002872,0.002872
362,3072.39,1.55859,0.06062,0.4285,0.74918,0.03288,5.25521,0.85883,0.91581,0.93427,0.63558,0.88903,0.94763,0.95963,0.94595,1.80851,0.15103,0.13362,0.61733,0.05006,0,0.0028522,0.0028522,0.0028522
363,3081,1.57278,0.07334,0.40216,0.77838,0.03356,5.72388,0.88302,0.89282,0.94434,0.63321,0.86,0.92474,0.94729,0.94382,1.81241,0.16727,0.1229,0.55643,0.05023,0,0.0028324,0.0028324,0.0028324
364,3089.65,1.5569,0.05617,0.38572,0.76865,0.03255,5.17163,0.87674,0.94624,0.95315,0.63701,0.89959,0.96333,0.96357,0.9519,1.85124,0.14717,0.14932,0.52809,0.05164,0,0.0028126,0.0028126,0.0028126
365,3097.97,1.51087,0.07635,0.3972,0.74643,0.03097,5.19904,0.92362,0.91015,0.94356,0.63236,0.91677,0.94748,0.97076,0.96311,1.8453,0.13695,0.17857,0.4871,0.05149,0,0.0027928,0.0027928,0.0027928
366,3105.8,1.49918,0.09683,0.41232,0.77656,0.03085,5.34722,0.9602,0.89247,0.96446,0.65816,0.95446,0.90143,0.97737,0.97174,1.85352,0.14742,0.20707,0.51806,0.0517,0,0.002773,0.002773,0.002773
367,3113.42,1.5167,0.05363,0.40074,0.73849,0.03146,5.0556,0.89214,0.96774,0.96848,0.67895,0.91974,0.98581,0.98093,0.97467,1.73263,0.15009,0.20883,0.50043,0.04762,0,0.0027532,0.0027532,0.0027532
368,3121.46,1.51208,0.06387,0.40511,0.82521,0.03159,5.29261,0.87921,0.93921,0.96304,0.6868,0.89929,0.96022,0.97542,0.97099,1.69149,0.14903,0.19173,0.52703,0.04585,0,0.0027334,0.0027334,0.0027334
369,3129.7,1.52354,0.04803,0.3787,0.75446,0.03192,4.90544,0.89521,0.93548,0.95829,0.68344,0.91592,0.95699,0.96878,0.96523,1.66016,0.1043,0.21248,0.53035,0.04436,0,0.0027136,0.0027136,0.0027136
370,3138.82,1.50831,0.0653,0.37335,0.74183,0.03126,5.08298,0.88272,0.92473,0.94161,0.66792,0.89298,0.93548,0.95537,0.95379,1.72296,0.12705,0.21073,0.50527,0.04665,0,0.0026938,0.0026938,0.0026938
371,3147.95,1.61419,0.06522,0.4032,0.79762,0.03414,5.06732,0.88879,0.94529,0.9577,0.66072,0.90896,0.96626,0.96983,0.96324,1.73669,0.09094,0.18105,0.56276,0.04561,0,0.002674,0.002674,0.002674
372,3156.92,1.5298,0.05546,0.35386,0.77142,0.03235,5.13164,0.8949,0.93548,0.93987,0.62468,0.91547,0.95699,0.96128,0.95065,1.77434,0.14469,0.24406,0.54025,0.0478,0,0.0026542,0.0026542,0.0026542
373,3165.95,1.54068,0.06758,0.39728,0.76438,0.03245,5.21032,0.86059,0.9293,0.92979,0.59377,0.88032,0.94915,0.96039,0.94854,1.90444,0.16094,0.24433,0.5616,0.05271,0,0.0026344,0.0026344,0.0026344
374,3174.73,1.49875,0.07021,0.42453,0.74253,0.032,5.18595,0.84882,0.97849,0.94305,0.60742,0.86748,1,0.96633,0.96063,1.8922,0.09676,0.20128,0.57675,0.05209,0,0.0026146,0.0026146,0.0026146
375,3183.17,1.52736,0.05573,0.34871,0.77173,0.03204,5.08867,0.88773,0.97849,0.95711,0.62529,0.89749,0.98925,0.96909,0.96419,1.8249,0.09238,0.17432,0.5515,0.05009,0,0.0025948,0.0025948,0.0025948
376,3191.78,1.52508,0.06523,0.35083,0.75305,0.031,4.97506,0.84812,0.87097,0.88221,0.5196,0.89362,0.91398,0.94594,0.94061,2.15036,0.11356,0.24536,0.69109,0.0624,0,0.002575,0.002575,0.002575
377,3200.57,1.49922,0.05201,0.38267,0.70401,0.03154,4.86981,0.84915,0.90796,0.94217,0.59943,0.87928,0.91398,0.946,0.94045,1.80014,0.09991,0.21834,0.65354,0.04963,0,0.0025552,0.0025552,0.0025552
378,3209.12,1.51761,0.0611,0.38916,0.74766,0.03194,5.03846,0.91678,0.90323,0.95974,0.6586,0.93083,0.91398,0.96972,0.96365,1.73166,0.1045,0.19033,0.57612,0.04684,0,0.0025354,0.0025354,0.0025354
379,3217.8,1.54915,0.07876,0.35504,0.70906,0.0325,5.37038,0.85606,0.97849,0.95784,0.65911,0.92868,0.93548,0.96881,0.96345,1.73469,0.09015,0.16899,0.52103,0.04658,0,0.0025156,0.0025156,0.0025156
380,3226.27,1.49928,0.05496,0.37715,0.69994,0.03133,4.79272,0.86495,0.96416,0.95964,0.66093,0.93411,0.91466,0.97004,0.96519,1.71537,0.0883,0.17802,0.58768,0.04585,0,0.0024958,0.0024958,0.0024958
381,3234.66,1.53882,0.0567,0.36683,0.74327,0.03251,4.79811,0.8413,0.96905,0.95654,0.64079,0.92182,0.91398,0.96758,0.96077,1.7209,0.15016,0.16663,0.54316,0.04657,0,0.002476,0.002476,0.002476
382,3243.1,1.54392,0.0635,0.3783,0.7323,0.03235,5.02433,0.86692,0.98067,0.95217,0.62027,0.87639,0.99105,0.96454,0.95614,1.78992,0.19448,0.16818,0.52684,0.04898,0,0.0024562,0.0024562,0.0024562
383,3251.67,1.4897,0.06814,0.38529,0.71685,0.03116,4.99107,0.86151,0.95699,0.95668,0.62255,0.87119,0.96774,0.96822,0.96052,1.79416,0.20214,0.21492,0.59121,0.04928,0,0.0024364,0.0024364,0.0024364
384,3259.91,1.51359,0.06682,0.38982,0.76477,0.03168,5.08574,0.88886,0.95699,0.96139,0.67645,0.88886,0.95699,0.96422,0.95741,1.62421,0.16774,0.13486,0.58638,0.04278,0,0.0024166,0.0024166,0.0024166
385,3268.31,1.49438,0.06526,0.38302,0.71039,0.03157,4.94981,0.92342,0.94624,0.96831,0.67137,0.92342,0.94624,0.96883,0.96438,1.62861,0.14512,0.13548,0.49128,0.04303,0,0.0023968,0.0023968,0.0023968
386,3276.7,1.55184,0.05361,0.37953,0.76423,0.03257,4.85246,0.87475,0.97632,0.96658,0.6722,0.87475,0.97632,0.96658,0.96358,1.6004,0.11718,0.13567,0.49286,0.04225,0,0.002377,0.002377,0.002377
387,3285.52,1.49773,0.08466,0.38752,0.74005,0.03189,5.09321,0.91821,0.97849,0.97539,0.65061,0.91821,0.97849,0.97539,0.9719,1.72952,0.12945,0.14747,0.46845,0.04661,0,0.0023572,0.0023572,0.0023572
388,3293.64,1.54567,0.0945,0.35443,0.75664,0.03232,5.11302,0.95637,0.94293,0.97397,0.67321,0.96072,0.93548,0.97698,0.97193,1.68423,0.12373,0.15178,0.53132,0.04454,0,0.0023374,0.0023374,0.0023374
389,3301.23,1.51256,0.06034,0.36024,0.71195,0.03128,4.85046,0.92629,0.94581,0.97074,0.68559,0.92605,0.94257,0.9748,0.96834,1.67488,0.13256,0.15747,0.51878,0.04421,0,0.0023176,0.0023176,0.0023176
390,3310.1,1.54166,0.05969,0.40239,0.74215,0.03299,5.00364,0.89828,0.96774,0.9586,0.65902,0.90826,0.97849,0.97432,0.96841,1.70903,0.14976,0.14532,0.52777,0.04593,0,0.0022978,0.0022978,0.0022978
391,3318.96,1.47781,0.04834,0.39072,0.69019,0.03102,4.77079,0.90849,0.96774,0.95073,0.66395,0.92888,0.98925,0.975,0.97098,1.61904,0.14429,0.13377,0.53934,0.04356,0,0.002278,0.002278,0.002278
392,3327.73,1.50006,0.05283,0.36473,0.72268,0.03201,5.06541,0.86943,0.94624,0.93526,0.66029,0.91716,0.95241,0.96845,0.96518,1.64775,0.12823,0.13845,0.48806,0.04461,0,0.0022582,0.0022582,0.0022582
393,3336.33,1.47486,0.05521,0.39952,0.73177,0.03077,4.85787,0.89597,0.92605,0.93866,0.65558,0.92709,0.95701,0.97123,0.96821,1.66926,0.07684,0.15834,0.56728,0.04432,0,0.0022384,0.0022384,0.0022384
394,3344.58,1.47959,0.05655,0.38478,0.72838,0.03081,4.90457,0.8864,0.9229,0.9371,0.64993,0.91733,0.95456,0.97097,0.96837,1.64522,0.1331,0.16198,0.50293,0.04423,0,0.0022186,0.0022186,0.0022186
395,3352.83,1.4862,0.07005,0.3807,0.74421,0.03143,5.14126,0.89395,0.89247,0.95071,0.63731,0.90695,0.90323,0.96352,0.9585,1.7285,0.08784,0.16567,0.52088,0.04562,0,0.0021988,0.0021988,0.0021988
396,3361.12,1.49282,0.06762,0.34318,0.73619,0.03179,5.34962,0.89997,0.96774,0.97342,0.64494,0.92812,0.92473,0.97435,0.9668,1.78379,0.12432,0.1612,0.48969,0.04805,0,0.002179,0.002179,0.002179
397,3369.32,1.51312,0.05922,0.3725,0.74972,0.03184,5.10355,0.92546,0.93453,0.95721,0.65955,0.94674,0.95578,0.96942,0.95938,1.76808,0.44962,0.3882,0.49054,0.04897,0,0.0021592,0.0021592,0.0021592
398,3377.56,1.48217,0.07056,0.37852,0.73636,0.03135,5.15385,0.8987,0.95391,0.96298,0.63911,0.91724,0.96774,0.9729,0.96896,1.86937,0.10519,0.15196,0.50638,0.05154,0,0.0021394,0.0021394,0.0021394
399,3385.67,1.49469,0.05419,0.38504,0.74351,0.03101,4.81796,0.9268,0.97849,0.97105,0.61308,0.9268,0.97849,0.97898,0.97538,1.92559,0.11139,0.13402,0.49614,0.05343,0,0.0021196,0.0021196,0.0021196
400,3394,1.47383,0.08663,0.42303,0.74017,0.03052,5.05642,0.90256,0.98925,0.96375,0.62584,0.90256,0.98925,0.9708,0.96741,1.86593,0.11979,0.13581,0.50558,0.05145,0,0.0020998,0.0020998,0.0020998
401,3402.66,1.51072,0.06733,0.40578,0.71668,0.0318,5.03197,0.9079,0.95405,0.97082,0.65271,0.91814,0.9648,0.97952,0.97627,1.78714,0.10859,0.15977,0.47905,0.04878,0,0.00208,0.00208,0.00208
402,3411.3,1.49569,0.05519,0.40629,0.74728,0.0316,4.78452,0.93939,0.95699,0.97556,0.68222,0.93939,0.95699,0.98328,0.98029,1.68747,0.11937,0.13989,0.45272,0.04499,0,0.0020602,0.0020602,0.0020602
403,3419.94,1.47829,0.0673,0.38652,0.67691,0.03042,4.74469,0.93607,0.96774,0.97321,0.68311,0.9371,0.97849,0.98062,0.97674,1.68856,0.11671,0.14307,0.44347,0.04522,0,0.0020404,0.0020404,0.0020404
404,3428.6,1.57452,0.0602,0.36636,0.76869,0.03276,4.90411,0.8992,0.96774,0.95967,0.67598,0.91243,0.96774,0.96139,0.95902,1.65926,0.11916,0.15978,0.46129,0.04357,0,0.0020206,0.0020206,0.0020206
405,3437.21,1.52823,0.05714,0.37767,0.7445,0.03184,4.66812,0.90079,0.97637,0.96439,0.62609,0.90903,0.97849,0.96543,0.96278,1.84261,0.1214,0.18279,0.47971,0.0499,0,0.0020008,0.0020008,0.0020008
406,3445.84,1.44874,0.07255,0.38273,0.7038,0.03096,4.89952,0.88372,0.98064,0.96368,0.60986,0.90088,0.95699,0.96398,0.96041,1.84942,0.11485,0.18177,0.49131,0.04995,0,0.001981,0.001981,0.001981
407,3454.46,1.52736,0.03869,0.33681,0.67812,0.03178,4.32641,0.89652,0.94624,0.95334,0.62945,0.93612,0.94552,0.96575,0.96281,1.77339,0.14689,0.17699,0.50847,0.04809,0,0.0019612,0.0019612,0.0019612
408,3463.09,1.54444,0.07721,0.40873,0.74888,0.03226,4.89887,0.9152,0.92837,0.95755,0.62796,0.94694,0.95953,0.97722,0.97162,1.86917,0.07339,0.13901,0.50286,0.0504,0,0.0019414,0.0019414,0.0019414
409,3471.72,1.48068,0.06179,0.38277,0.7157,0.03077,4.91006,0.92468,0.92404,0.95814,0.65314,0.92761,0.96453,0.97878,0.97543,1.75903,0.05097,0.12636,0.49356,0.04682,0,0.0019216,0.0019216,0.0019216
410,3480.32,1.52687,0.0732,0.3907,0.73265,0.0321,4.99701,0.87096,0.94354,0.95246,0.66662,0.90026,0.97061,0.97322,0.97062,1.71249,0.04323,0.13512,0.47773,0.04487,0,0.0019018,0.0019018,0.0019018
411,3488.89,1.51061,0.05726,0.37898,0.71085,0.03113,4.84519,0.89353,0.92473,0.95397,0.64816,0.9076,0.95055,0.97416,0.9722,1.79952,0.04013,0.13475,0.47892,0.04774,0,0.001882,0.001882,0.001882
412,3497.6,1.45117,0.06191,0.37207,0.68397,0.03031,4.54509,0.86624,0.97488,0.955,0.65995,0.88517,0.99466,0.97427,0.97394,1.68754,0.08965,0.14643,0.43866,0.04464,0,0.0018622,0.0018622,0.0018622
413,3506.23,1.5121,0.04548,0.3593,0.72324,0.03125,4.56073,0.84217,0.97538,0.94861,0.66994,0.86048,0.99476,0.97028,0.96768,1.60953,0.08934,0.16037,0.46226,0.04203,0,0.0018424,0.0018424,0.0018424
414,3514.92,1.46853,0.05053,0.35559,0.72074,0.03059,4.7542,0.91704,0.95091,0.95559,0.65033,0.93772,0.97139,0.97929,0.97417,1.7207,0.07907,0.16706,0.48688,0.04578,0,0.0018226,0.0018226,0.0018226
415,3523.54,1.46735,0.04959,0.37556,0.7157,0.03077,4.93847,0.90097,0.97849,0.96884,0.68475,0.92781,0.96742,0.97974,0.97231,1.6048,0.10078,0.16316,0.46936,0.0421,0,0.0018028,0.0018028,0.0018028
416,3532.25,1.47034,0.05293,0.3589,0.70742,0.03043,4.5708,0.9496,0.90323,0.97026,0.67814,0.94612,0.94624,0.97453,0.97036,1.67521,0.09756,0.15992,0.51378,0.04343,0,0.001783,0.001783,0.001783
417,3540.83,1.52193,0.0482,0.34705,0.71958,0.03207,4.71167,0.92596,0.94129,0.97426,0.66675,0.94711,0.96279,0.98018,0.97516,1.72852,0.1423,0.16024,0.51693,0.04602,0,0.0017632,0.0017632,0.0017632
418,3549.46,1.50596,0.07058,0.34911,0.68046,0.03169,5.08273,0.90076,0.97597,0.97032,0.6873,0.9168,0.98925,0.98146,0.97692,1.66227,0.11199,0.16693,0.47825,0.0443,0,0.0017434,0.0017434,0.0017434
419,3558.15,1.4745,0.06179,0.37732,0.7242,0.03073,4.81021,0.92482,0.93548,0.96947,0.68023,0.94635,0.95699,0.98151,0.97755,1.67491,0.10264,0.16918,0.47988,0.04467,0,0.0017236,0.0017236,0.0017236
420,3566.77,1.51952,0.04759,0.36164,0.74236,0.03157,4.87256,0.90252,0.94624,0.94655,0.64385,0.93553,0.97849,0.97147,0.96763,1.78976,0.09402,0.1548,0.51765,0.04839,0,0.0017038,0.0017038,0.0017038
421,3575.43,1.48963,0.05987,0.37381,0.7289,0.03137,4.64981,0.93003,0.93548,0.96605,0.6684,0.95141,0.95699,0.97682,0.97364,1.67161,0.0894,0.14258,0.47126,0.0448,0,0.001684,0.001684,0.001684
422,3584.08,1.46318,0.06684,0.34964,0.71412,0.03094,4.74952,0.94557,0.93393,0.97155,0.65878,0.95633,0.93548,0.97989,0.97872,1.71413,0.04315,0.1286,0.43256,0.0456,0,0.0016642,0.0016642,0.0016642
423,3592.72,1.46364,0.05663,0.38892,0.69501,0.03079,4.8269,0.92524,0.96774,0.9765,0.64578,0.94586,0.98925,0.98616,0.9825,1.78762,0.04996,0.14225,0.45782,0.04804,0,0.0016444,0.0016444,0.0016444
424,3601.34,1.49525,0.04149,0.3395,0.7197,0.03098,4.71312,0.90697,0.94354,0.97537,0.67432,0.92752,0.96328,0.98697,0.98258,1.6905,0.04916,0.14531,0.4668,0.04465,0,0.0016246,0.0016246,0.0016246
425,3609.94,1.48559,0.05948,0.34964,0.72545,0.03163,4.55208,0.92634,0.95699,0.97574,0.68325,0.93675,0.96774,0.97902,0.9764,1.64772,0.04821,0.14786,0.51202,0.04295,0,0.0016048,0.0016048,0.0016048
426,3618.54,1.46027,0.05567,0.37477,0.69188,0.03015,4.5568,0.91864,0.97134,0.97917,0.69287,0.91864,0.97134,0.98018,0.97844,1.65087,0.09491,0.1344,0.48871,0.04385,0,0.001585,0.001585,0.001585
427,3627.23,1.44599,0.05811,0.38057,0.67786,0.0308,4.73172,0.92657,0.94978,0.97482,0.67537,0.92657,0.94978,0.97546,0.97096,1.71734,0.09889,0.14207,0.49688,0.04616,0,0.0015652,0.0015652,0.0015652
428,3635.88,1.46419,0.04976,0.37231,0.72639,0.03097,4.57268,0.88173,0.96197,0.96359,0.6468,0.89154,0.97226,0.97233,0.96357,1.8121,0.13074,0.13528,0.52196,0.04969,0,0.0015454,0.0015454,0.0015454
429,3644.53,1.46661,0.05424,0.35226,0.69575,0.02968,4.28465,0.92461,0.92308,0.96005,0.65861,0.92548,0.93474,0.9621,0.95815,1.76095,0.14368,0.13336,0.52914,0.04819,0,0.0015256,0.0015256,0.0015256
430,3653.15,1.44831,0.05443,0.34648,0.70393,0.02935,4.14585,0.9034,0.93548,0.9559,0.65764,0.89764,0.94624,0.95786,0.95464,1.71552,0.14292,0.12849,0.54475,0.04683,0,0.0015058,0.0015058,0.0015058
431,3661.82,1.43546,0.06567,0.3408,0.69896,0.02979,4.69944,0.90814,0.93548,0.96071,0.67917,0.92631,0.94624,0.96248,0.95991,1.6629,0.13419,0.1343,0.52081,0.04485,0,0.001486,0.001486,0.001486
432,3670.44,1.46543,0.06639,0.38312,0.7119,0.03135,4.87168,0.89889,0.97849,0.96562,0.67177,0.90877,0.98925,0.97454,0.96492,1.71415,0.11713,0.15084,0.50655,0.04646,0,0.0014662,0.0014662,0.0014662
433,3679.12,1.46869,0.07341,0.34827,0.70972,0.03143,4.78974,0.89978,0.96537,0.9629,0.67365,0.90975,0.97551,0.97125,0.96569,1.72079,0.10575,0.14364,0.5718,0.04664,0,0.0014464,0.0014464,0.0014464
434,3687.77,1.39811,0.05895,0.36377,0.69417,0.02872,4.59257,0.9327,0.93548,0.96557,0.67912,0.94343,0.94624,0.97498,0.96567,1.70558,0.13491,0.14296,0.50592,0.04608,0,0.0014266,0.0014266,0.0014266
435,3696.43,1.42449,0.05666,0.38972,0.68526,0.02973,4.57046,0.89967,0.96427,0.96311,0.66541,0.92567,0.93733,0.9682,0.964,1.72514,0.14628,0.13244,0.53488,0.04667,0,0.0014068,0.0014068,0.0014068
436,3705.06,1.46591,0.06356,0.36327,0.69035,0.0306,4.67123,0.91451,0.92019,0.96535,0.65834,0.95023,0.92473,0.97523,0.96956,1.73919,0.0819,0.13595,0.55767,0.04663,0,0.001387,0.001387,0.001387
437,3713.66,1.48677,0.05722,0.38918,0.70045,0.03032,4.60003,0.88245,0.96865,0.96435,0.66427,0.89225,0.9794,0.97397,0.97086,1.66868,0.11001,0.13961,0.51669,0.04499,0,0.0013672,0.0013672,0.0013672
438,3722.25,1.47972,0.05946,0.35507,0.73069,0.03069,4.88672,0.89139,0.96774,0.95933,0.65265,0.91593,0.93548,0.97148,0.96598,1.69725,0.11231,0.14528,0.52336,0.04577,0,0.0013474,0.0013474,0.0013474
439,3730.94,1.47428,0.04272,0.29887,0.73063,0.03097,4.4495,0.93541,0.97849,0.97145,0.64012,0.93541,0.97849,0.97376,0.96936,1.74904,0.06031,0.14305,0.51675,0.04597,0,0.0013276,0.0013276,0.0013276
440,3739.58,1.4146,0.07275,0.37686,0.72405,0.02925,4.56329,0.90177,0.98925,0.97355,0.672,0.90177,0.98925,0.97397,0.96995,1.65268,0.06465,0.1468,0.49527,0.04271,0,0.0013078,0.0013078,0.0013078
441,3748.16,1.40032,0.05164,0.37258,0.66315,0.02865,4.49725,0.9288,0.98191,0.9759,0.68379,0.9288,0.98191,0.97686,0.96907,1.60605,0.08103,0.14728,0.45689,0.04112,0,0.001288,0.001288,0.001288
442,3757.44,1.43412,0.04543,0.3517,0.68596,0.02948,4.24474,0.90903,0.96774,0.97497,0.66946,0.91913,0.97849,0.97733,0.96852,1.66583,0.08571,0.15384,0.51929,0.04297,0,0.0012682,0.0012682,0.0012682
443,3766.18,1.43445,0.0646,0.35962,0.66878,0.03009,4.60394,0.89279,0.98501,0.97159,0.6781,0.90834,0.95906,0.96634,0.9638,1.65497,0.1427,0.16872,0.52276,0.04397,0,0.0012484,0.0012484,0.0012484
444,3774.79,1.47404,0.06541,0.34263,0.74507,0.0308,4.77878,0.89908,0.97849,0.98171,0.69122,0.90953,0.97296,0.97776,0.97484,1.62862,0.09446,0.16708,0.52148,0.04176,0,0.0012286,0.0012286,0.0012286
445,3783.37,1.50014,0.06838,0.46054,0.7079,0.03148,4.85971,0.94437,0.91265,0.97783,0.66203,0.95549,0.9234,0.98116,0.97261,1.72215,0.07763,0.17513,0.52577,0.04464,0,0.0012088,0.0012088,0.0012088
446,3791.97,1.39921,0.04589,0.32611,0.71599,0.02971,4.22216,0.84154,0.97081,0.95035,0.64646,0.85086,0.98156,0.95911,0.95508,1.72116,0.06228,0.17071,0.5767,0.04478,0,0.001189,0.001189,0.001189
447,3800.57,1.45575,0.06588,0.34522,0.70345,0.03039,4.67992,0.89558,0.95699,0.95229,0.65501,0.90597,0.96774,0.96075,0.9592,1.6425,0.05876,0.16594,0.51945,0.04247,0,0.0011692,0.0011692,0.0011692
448,3809.17,1.48131,0.0564,0.34929,0.72521,0.03135,4.55663,0.9466,0.96774,0.97306,0.67392,0.95712,0.97849,0.98241,0.98051,1.64643,0.05844,0.14785,0.45964,0.04258,0,0.0011494,0.0011494,0.0011494
449,3818.01,1.4478,0.05783,0.34785,0.7047,0.03076,4.74104,0.94713,0.96774,0.97017,0.65141,0.95766,0.97849,0.97905,0.97796,1.69199,0.05923,0.14566,0.47753,0.04406,0,0.0011296,0.0011296,0.0011296
450,3826.95,1.44158,0.03876,0.35278,0.6787,0.02987,4.20613,0.91526,0.92909,0.96649,0.67027,0.93732,0.96476,0.97489,0.97343,1.60776,0.10402,0.15796,0.49572,0.04243,0,0.0011098,0.0011098,0.0011098
451,3836.06,1.50857,0.0541,0.32475,0.7248,0.03138,4.84648,0.90171,0.95699,0.97986,0.69036,0.90882,0.96456,0.98004,0.97815,1.5989,0.10777,0.1495,0.45072,0.04214,0,0.00109,0.00109,0.00109
452,3844.97,1.47404,0.05433,0.34229,0.71896,0.03069,4.26276,0.90747,0.96774,0.97667,0.67328,0.91755,0.97849,0.98425,0.98229,1.6991,0.1122,0.15521,0.44242,0.04551,0,0.0010702,0.0010702,0.0010702
453,3853.67,1.43203,0.04666,0.36629,0.68317,0.03073,4.38907,0.92596,0.94138,0.97382,0.66004,0.93652,0.95188,0.98249,0.98009,1.69753,0.11035,0.15534,0.49855,0.04554,0,0.0010504,0.0010504,0.0010504
454,3862.16,1.4838,0.06893,0.36179,0.70167,0.03122,4.74533,0.90573,0.93548,0.97025,0.68917,0.92708,0.95698,0.97991,0.97736,1.62183,0.07306,0.13887,0.56035,0.0426,0,0.0010306,0.0010306,0.0010306
455,3870.54,1.4728,0.0425,0.35101,0.67547,0.02953,4.06587,0.89914,0.95861,0.97239,0.67815,0.90909,0.96771,0.98057,0.97729,1.69739,0.12544,0.14254,0.5126,0.04556,0,0.0010108,0.0010108,0.0010108
456,3878.85,1.45593,0.06668,0.35401,0.68732,0.03071,4.50077,0.89649,0.96774,0.97099,0.66282,0.90645,0.97849,0.97852,0.97631,1.73042,0.11865,0.14862,0.51691,0.04648,0,0.000991,0.000991,0.000991
457,3887.03,1.47812,0.06954,0.37482,0.70936,0.03049,4.63112,0.88799,0.93768,0.97262,0.69436,0.89817,0.94844,0.98074,0.97828,1.62562,0.11347,0.155,0.47924,0.04333,0,0.0009712,0.0009712,0.0009712
458,3895.32,1.45908,0.05213,0.35003,0.71868,0.02988,4.54269,0.93937,0.91398,0.97637,0.68817,0.93937,0.91398,0.9784,0.97567,1.60306,0.10429,0.14241,0.47214,0.0427,0,0.0009514,0.0009514,0.0009514
459,3903.59,1.38234,0.05955,0.38036,0.64409,0.02816,4.23036,0.92498,0.95699,0.9773,0.67235,0.92771,0.9659,0.98318,0.98002,1.62908,0.10235,0.14723,0.45626,0.04348,0,0.0009316,0.0009316,0.0009316
460,3912.07,1.47007,0.06354,0.36227,0.70122,0.03046,4.55275,0.93725,0.96374,0.97482,0.69235,0.9477,0.9742,0.98283,0.98011,1.58544,0.10786,0.14636,0.42967,0.04181,0,0.0009118,0.0009118,0.0009118
461,3920.57,1.41042,0.04788,0.37224,0.64989,0.02891,4.09947,0.94719,0.96427,0.98577,0.69842,0.94719,0.96427,0.98577,0.98273,1.57641,0.10957,0.14541,0.41649,0.04128,0,0.000892,0.000892,0.000892
462,3928.87,1.43212,0.05626,0.34975,0.67552,0.02969,4.80482,0.94782,0.97652,0.9871,0.69315,0.94782,0.97652,0.9871,0.98403,1.59125,0.11578,0.14719,0.42495,0.04176,0,0.0008722,0.0008722,0.0008722
463,3937.12,1.44928,0.043,0.34938,0.68024,0.02979,4.45129,0.93441,0.96774,0.98509,0.68728,0.93441,0.96774,0.98544,0.98223,1.58691,0.12548,0.15206,0.45033,0.04182,0,0.0008524,0.0008524,0.0008524
464,3945.43,1.45314,0.05478,0.35511,0.64832,0.03004,4.41679,0.93205,0.97849,0.9808,0.68808,0.93205,0.97849,0.98114,0.97827,1.58358,0.12783,0.14973,0.44914,0.0415,0,0.0008326,0.0008326,0.0008326
465,3953.54,1.40191,0.07283,0.37558,0.63703,0.02888,4.57566,0.93182,0.96774,0.98375,0.6925,0.93182,0.96774,0.98375,0.98032,1.59793,0.12423,0.1501,0.45813,0.04188,0,0.0008128,0.0008128,0.0008128
466,3961.65,1.44147,0.05654,0.36943,0.65638,0.02983,4.67455,0.94728,0.96598,0.97849,0.69612,0.95781,0.97653,0.98647,0.98252,1.58135,0.12981,0.15225,0.44481,0.04146,0,0.000793,0.000793,0.000793
467,3969.92,1.43612,0.06028,0.35997,0.68614,0.0293,4.35469,0.9269,0.95447,0.97725,0.69451,0.93734,0.96507,0.98494,0.98117,1.57702,0.12997,0.14749,0.45872,0.04152,0,0.0007732,0.0007732,0.0007732
468,3979.05,1.47346,0.05698,0.35556,0.70517,0.03146,4.87202,0.92388,0.96774,0.97313,0.69532,0.93429,0.97849,0.98152,0.97815,1.57826,0.13154,0.14064,0.46849,0.04158,0,0.0007534,0.0007534,0.0007534
469,3987.38,1.40223,0.07093,0.37964,0.65281,0.02924,4.63458,0.93729,0.96428,0.97603,0.69271,0.94773,0.97487,0.9836,0.98066,1.61083,0.12677,0.14497,0.44317,0.04264,0,0.0007336,0.0007336,0.0007336
470,3995.6,1.48367,0.05391,0.3467,0.68482,0.03164,4.71019,0.92505,0.96774,0.97506,0.68932,0.93533,0.97849,0.98246,0.97968,1.59627,0.11959,0.14445,0.4309,0.04205,0,0.0007138,0.0007138,0.0007138
471,4003.82,1.45486,0.05467,0.38555,0.68092,0.0298,4.3523,0.94689,0.95847,0.98003,0.698,0.94689,0.95847,0.98003,0.97629,1.57718,0.12186,0.1418,0.40288,0.04131,0,0.000694,0.000694,0.000694
472,4012.08,1.39806,0.06224,0.35446,0.70409,0.0286,4.33548,0.92873,0.98087,0.97796,0.70434,0.92873,0.98087,0.97796,0.97185,1.5691,0.12748,0.14126,0.39965,0.04093,0,0.0006742,0.0006742,0.0006742
473,4020.2,1.46929,0.04899,0.34062,0.69395,0.03033,4.45975,0.93725,0.96368,0.98047,0.70157,0.93725,0.96368,0.98047,0.97637,1.5723,0.12162,0.13408,0.39215,0.04101,0,0.0006544,0.0006544,0.0006544
474,4028.46,1.39277,0.05229,0.38998,0.65741,0.02902,4.37008,0.92852,0.97776,0.97478,0.69549,0.93873,0.98842,0.98224,0.98022,1.59131,0.11979,0.12962,0.37712,0.04172,0,0.0006346,0.0006346,0.0006346
475,4036.75,1.39648,0.06677,0.35303,0.66402,0.0286,4.36088,0.94742,0.96881,0.98384,0.70178,0.94742,0.96881,0.98384,0.98194,1.58144,0.12075,0.13259,0.36254,0.04134,0,0.0006148,0.0006148,0.0006148
476,4045.08,1.40694,0.05284,0.3556,0.65888,0.0292,4.27973,0.94778,0.97573,0.98399,0.70713,0.94778,0.97573,0.98399,0.98195,1.58682,0.11825,0.13531,0.36268,0.04155,0,0.000595,0.000595,0.000595
477,4053.3,1.3868,0.06473,0.35658,0.65196,0.02894,4.39103,0.9471,0.96268,0.9798,0.69888,0.9471,0.96268,0.9798,0.97788,1.58686,0.11617,0.13715,0.38062,0.04152,0,0.0005752,0.0005752,0.0005752
478,4061.58,1.39958,0.05437,0.38523,0.63827,0.02958,4.52388,0.90942,0.97158,0.97431,0.68918,0.91948,0.98233,0.98049,0.97849,1.58087,0.11782,0.1376,0.37564,0.04149,0,0.0005554,0.0005554,0.0005554
479,4069.82,1.40639,0.05304,0.39289,0.64379,0.02884,4.30083,0.93645,0.95064,0.97281,0.68215,0.94728,0.96606,0.9802,0.97832,1.58233,0.11388,0.14233,0.38201,0.04152,0,0.0005356,0.0005356,0.0005356
480,4077.97,1.37847,0.04771,0.33198,0.65368,0.02872,4.19775,0.92609,0.94316,0.96935,0.67998,0.93665,0.95391,0.9773,0.97532,1.61615,0.11255,0.14407,0.39505,0.04267,0,0.0005158,0.0005158,0.0005158
481,4086.74,1.43164,0.0486,0.36286,0.70239,0.02947,4.38864,0.91751,0.95681,0.96644,0.68349,0.92781,0.96743,0.97367,0.9715,1.60999,0.11155,0.14618,0.39796,0.04251,0,0.000496,0.000496,0.000496
482,4095.55,1.44413,0.05153,0.31597,0.67034,0.03002,4.244,0.91706,0.96774,0.96371,0.68769,0.92749,0.97849,0.97139,0.96765,1.61083,0.10953,0.14676,0.3946,0.04265,0,0.0004762,0.0004762,0.0004762
483,4103.98,1.38251,0.05283,0.31275,0.66582,0.02826,4.36511,0.91822,0.96589,0.96256,0.68398,0.92844,0.97664,0.97022,0.96644,1.61485,0.1069,0.15086,0.39822,0.04265,0,0.0004564,0.0004564,0.0004564
484,4112.1,1.41952,0.06498,0.34621,0.66636,0.02938,4.78127,0.92775,0.96774,0.96371,0.68834,0.93314,0.97849,0.971,0.96807,1.6156,0.10683,0.14826,0.39427,0.04265,0,0.0004366,0.0004366,0.0004366
485,4120.19,1.42769,0.06108,0.33567,0.69315,0.0299,4.35671,0.94346,0.96774,0.96765,0.68947,0.93788,0.97411,0.97491,0.97197,1.60572,0.10851,0.14382,0.38717,0.04231,0,0.0004168,0.0004168,0.0004168
486,4129.07,1.40252,0.06018,0.35416,0.68947,0.02901,4.59308,0.93899,0.95699,0.97062,0.69437,0.93802,0.97849,0.97805,0.97511,1.58445,0.10733,0.13733,0.38295,0.04167,0,0.000397,0.000397,0.000397
487,4138.05,1.43757,0.03878,0.35788,0.68218,0.02997,4.01881,0.93169,0.94624,0.97317,0.7042,0.94228,0.95699,0.98078,0.97696,1.57053,0.10791,0.13583,0.37748,0.04109,0,0.0003772,0.0003772,0.0003772
488,4146.68,1.41966,0.05078,0.32992,0.69288,0.02929,4.33158,0.94737,0.92473,0.97433,0.70629,0.93667,0.95426,0.98208,0.97841,1.56343,0.10702,0.13685,0.37716,0.0408,0,0.0003574,0.0003574,0.0003574
489,4155.18,1.39616,0.04282,0.34684,0.67301,0.02824,4.21984,0.91892,0.97491,0.97572,0.6992,0.92904,0.98548,0.98327,0.97954,1.57313,0.10657,0.13668,0.36967,0.04109,0,0.0003376,0.0003376,0.0003376
490,4163.77,1.38717,0.04135,0.32777,0.69958,0.02954,4.47527,0.92818,0.95699,0.97599,0.69844,0.93861,0.96774,0.98359,0.97981,1.5804,0.10753,0.1371,0.37238,0.0413,0,0.0003178,0.0003178,0.0003178
491,4199.53,1.18599,0.03349,0.27419,0.63429,0.03619,5.19085,0.93468,0.97849,0.97924,0.71065,0.94495,0.98925,0.98701,0.98121,1.56865,0.14666,0.12336,0.39272,0.04137,0,0.000298,0.000298,0.000298
492,4208.27,1.21394,0.03646,0.26845,0.54847,0.03723,5.12911,0.916,0.93805,0.9724,0.6982,0.9265,0.9488,0.98094,0.97052,1.57661,0.14259,0.11096,0.48752,0.0414,0,0.0002782,0.0002782,0.0002782
493,4216.83,1.17201,0.04816,0.27298,0.48656,0.03732,5.60013,0.90635,0.93657,0.97226,0.69478,0.91669,0.94651,0.98005,0.97034,1.59346,0.1546,0.10387,0.47706,0.04202,0,0.0002584,0.0002584,0.0002584
494,4225.53,1.1797,0.06031,0.27923,0.43585,0.03595,5.14858,0.93477,0.92452,0.97489,0.69206,0.94562,0.93498,0.9832,0.97321,1.62847,0.15936,0.10005,0.45211,0.04322,0,0.0002386,0.0002386,0.0002386
495,4234.09,1.20053,0.04589,0.27184,0.44118,0.03716,5.43428,0.91695,0.92473,0.97343,0.69635,0.92761,0.93548,0.98156,0.97199,1.60896,0.16144,0.10296,0.45027,0.04265,0,0.0002188,0.0002188,0.0002188
496,4242.74,1.19932,0.03581,0.27086,0.4149,0.03683,5.15057,0.88839,0.94149,0.96988,0.70876,0.89854,0.95224,0.97755,0.96838,1.58701,0.15749,0.10186,0.46091,0.04193,0,0.000199,0.000199,0.000199
497,4251.66,1.11162,0.04112,0.29863,0.42239,0.03452,5.04781,0.90627,0.93568,0.97071,0.70672,0.91864,0.94624,0.97805,0.96958,1.58437,0.15456,0.09928,0.45417,0.04187,0,0.0001792,0.0001792,0.0001792
498,4260.31,1.13491,0.04909,0.23751,0.36868,0.03486,5.0877,0.89746,0.9411,0.96875,0.70963,0.93147,0.93548,0.97681,0.96812,1.57841,0.14449,0.09702,0.46704,0.04157,0,0.0001594,0.0001594,0.0001594
499,4268.98,1.1218,0.03588,0.24932,0.37637,0.03469,4.81286,0.88115,0.95667,0.96977,0.70983,0.91664,0.95699,0.9787,0.96939,1.56855,0.14804,0.09387,0.49375,0.04129,0,0.0001396,0.0001396,0.0001396
500,4277.59,1.19162,0.0324,0.23234,0.38515,0.03708,5.29318,0.90476,0.94624,0.97101,0.70803,0.92532,0.96774,0.97951,0.97023,1.56885,0.14776,0.09596,0.46971,0.0413,0,0.0001198,0.0001198,0.0001198
